<?xml version="1.0" encoding="UTF-8"?>
<!DOCTYPE jboss PUBLIC "-//JBoss//DTD JBOSS 5.0//EN" "http://www.jboss.org/j2ee/dtd/jboss_5_0.dtd">
<jboss xmlns:wl="http://www.bea.com/ns/weblogic/90">
<enterprise-beans>
		ItemLookupBean
		
            
			180
		
        
		true
        
		Admin
		ejb/ItemLookupBean
	
		ProductCatalogBean
		
			180
		
		true
		Admin
		ejb/ProductCatalogBean
	<message-driven>
<ejb-name>LogEventSubscriber</ejb-name>
<destination-jndi-name>/topic/</destination-jndi-name>
</message-driven>
</enterprise-beans>
</jboss>
