<?xml version="1.0" encoding="UTF-8"?>

<export>
  <info>
    <creator>Admin</creator>
    <opencms_version>9.0.0</opencms_version>
    <createdate>Mon, 09 Jul 2012 08:33:01 GMT</createdate>
    <infoproject>Offline</infoproject>
    <export_version>7</export_version>
  </info>
  <module>
    <name>org.opencms.ade.postupload</name>
    <nicename><![CDATA[OpenCms 9 post-upload dialog]]></nicename>
    <group>OpenCms ADE</group>
    <class/>
    <description><![CDATA[This module provides a dialog for editing the configured default properties of a file after uploading it.<br>
<i>&copy; 2014 by Alkacon Software GmbH (http://www.alkacon.com).</i>]]></description>
    <version>9.0.1</version>
    <authorname/>
    <authoremail/>
    <datecreated/>
    <userinstalled/>
    <dateinstalled/>
    <dependencies>
      <dependency name="org.opencms.ade.config" version="9.0.0"/>
    </dependencies>
    <exportpoints>
      <exportpoint uri="/system/modules/org.opencms.ade.postupload/resources/" destination="resources/ade/"/>
    </exportpoints>
    <resources>
      <resource uri="/system/modules/org.opencms.ade.postupload/"/>
    </resources>
  </module>
  <files>
    <file>
      <destination>system</destination>
      <type>folder</type>
      <uuidstructure>a3a72feb-a0f5-11e1-b4cc-9d057d88828d</uuidstructure>
      <datelastmodified>Fri, 18 May 2012 14:27:47 GMT</datelastmodified>
      <userlastmodified>Admin</userlastmodified>
      <datecreated>Fri, 18 May 2012 14:27:47 GMT</datecreated>
      <usercreated>Admin</usercreated>
      <flags>0</flags>
      <properties/>
      <relations/>
      <accesscontrol>
        <accessentry>
          <uuidprincipal>ROLE.WORKPLACE_USER</uuidprincipal>
          <flags>514</flags>
          <permissionset>
            <allowed>1</allowed>
            <denied>0</denied>
          </permissionset>
        </accessentry>
      </accesscontrol>
    </file>
    <file>
      <destination>system/modules</destination>
      <type>folder</type>
      <uuidstructure>a49a68c7-a0f5-11e1-b4cc-9d057d88828d</uuidstructure>
      <datelastmodified>Fri, 18 May 2012 14:27:48 GMT</datelastmodified>
      <userlastmodified>Admin</userlastmodified>
      <datecreated>Fri, 18 May 2012 14:27:48 GMT</datecreated>
      <usercreated>Admin</usercreated>
      <flags>0</flags>
      <properties/>
      <relations/>
      <accesscontrol>
        <accessentry>
          <uuidprincipal>ROLE.WORKPLACE_USER</uuidprincipal>
          <flags>514</flags>
          <permissionset>
            <allowed>5</allowed>
            <denied>0</denied>
          </permissionset>
        </accessentry>
      </accesscontrol>
    </file>
    <file>
      <destination>system/modules/org.opencms.ade.postupload</destination>
      <type>folder</type>
      <uuidstructure>09fc5e87-c4e3-11e1-8bdc-9d057d88828d</uuidstructure>
      <datelastmodified>Tue, 03 Jul 2012 07:45:20 GMT</datelastmodified>
      <userlastmodified>Admin</userlastmodified>
      <datecreated>Tue, 03 Jul 2012 07:45:20 GMT</datecreated>
      <usercreated>Admin</usercreated>
      <flags>0</flags>
      <properties/>
      <relations/>
      <accesscontrol/>
    </file>
    <file>
      <destination>system/modules/org.opencms.ade.postupload/pages</destination>
      <type>folder</type>
      <uuidstructure>62821ccb-c4e3-11e1-8bdc-9d057d88828d</uuidstructure>
      <datelastmodified>Tue, 03 Jul 2012 07:47:48 GMT</datelastmodified>
      <userlastmodified>Admin</userlastmodified>
      <datecreated>Tue, 03 Jul 2012 07:47:48 GMT</datecreated>
      <usercreated>Admin</usercreated>
      <flags>0</flags>
      <properties/>
      <relations/>
      <accesscontrol/>
    </file>
    <file>
      <source>system/modules/org.opencms.ade.postupload/pages/postupload.jsp</source>
      <destination>system/modules/org.opencms.ade.postupload/pages/postupload.jsp</destination>
      <type>jsp</type>
      <uuidstructure>8b5d8dfd-c4e3-11e1-8bdc-9d057d88828d</uuidstructure>
      <uuidresource>8b5d8dfe-c4e3-11e1-8bdc-9d057d88828d</uuidresource>
      <datelastmodified>Tue, 03 Jul 2012 07:50:38 GMT</datelastmodified>
      <userlastmodified>Admin</userlastmodified>
      <datecreated>Tue, 03 Jul 2012 07:48:57 GMT</datecreated>
      <usercreated>Admin</usercreated>
      <flags>0</flags>
      <properties>
        <property type="shared">
          <name>export</name>
          <value><![CDATA[false]]></value>
        </property>
      </properties>
      <relations/>
      <accesscontrol/>
    </file>
    <file>
      <source>system/modules/org.opencms.ade.postupload/pages/postupload_useconfig.jsp</source>
      <destination>system/modules/org.opencms.ade.postupload/pages/postupload_useconfig.jsp</destination>
      <type>jsp</type>
      <uuidstructure>ea643811-375c-4b14-ad4c-3df748f88ea2</uuidstructure>
      <uuidresource>f782375a-1c07-4a01-ba1b-64595e157658</uuidresource>
      <datelastmodified>Tue, 03 Jul 2012 07:50:38 GMT</datelastmodified>
      <userlastmodified>Admin</userlastmodified>
      <datecreated>Tue, 03 Jul 2012 07:48:57 GMT</datecreated>
      <usercreated>Admin</usercreated>
      <flags>0</flags>
      <properties>
        <property type="shared">
          <name>export</name>
          <value><![CDATA[false]]></value>
        </property>
      </properties>
      <relations/>
      <accesscontrol/>
    </file>
    <file>
      <destination>system/modules/org.opencms.ade.postupload/resources</destination>
      <type>folder</type>
      <uuidstructure>17e66189-c4e3-11e1-8bdc-9d057d88828d</uuidstructure>
      <datelastmodified>Tue, 03 Jul 2012 07:45:43 GMT</datelastmodified>
      <userlastmodified>Admin</userlastmodified>
      <datecreated>Tue, 03 Jul 2012 07:45:43 GMT</datecreated>
      <usercreated>Admin</usercreated>
      <flags>0</flags>
      <properties/>
      <relations/>
      <accesscontrol/>
    </file>
    <file>
      <destination>system/modules/org.opencms.ade.postupload/resources/postupload</destination>
      <type>folder</type>
      <uuidstructure>aebaff9b-6026-4609-be22-60d19c195638</uuidstructure>
      <datelastmodified>Tue, 03 Jul 2012 07:45:43 GMT</datelastmodified>
      <userlastmodified>Admin</userlastmodified>
      <datecreated>Tue, 03 Jul 2012 07:45:43 GMT</datecreated>
      <usercreated>Admin</usercreated>
      <flags>0</flags>
      <properties/>
      <relations/>
      <accesscontrol/>
    </file>
    <file>
      <source>system/modules/org.opencms.ade.postupload/resources/postupload/clear.cache.gif</source>
      <destination>system/modules/org.opencms.ade.postupload/resources/postupload/clear.cache.gif</destination>
      <type>image</type>
      <uuidstructure>2a9f82b7-8f4c-11e3-bc2a-d133b9164cf4</uuidstructure>
      <uuidresource>2a9fa9c8-8f4c-11e3-bc2a-d133b9164cf4</uuidresource>
      <datelastmodified>Thu, 06 Feb 2014 16:31:44 GMT</datelastmodified>
      <userlastmodified>Admin</userlastmodified>
      <datecreated>Thu, 06 Feb 2014 16:31:44 GMT</datecreated>
      <usercreated>Admin</usercreated>
      <flags>0</flags>
      <properties/>
      <relations/>
      <accesscontrol/>
    </file>
    <file>
      <source>system/modules/org.opencms.ade.postupload/resources/postupload/5EC42F1E394FD71E3B4781CDB5F977EF.cache.html</source>
      <destination>system/modules/org.opencms.ade.postupload/resources/postupload/5EC42F1E394FD71E3B4781CDB5F977EF.cache.html</destination>
      <type>binary</type>
      <uuidstructure>2aa17e89-8f4c-11e3-bc2a-d133b9164cf4</uuidstructure>
      <uuidresource>2aa1a59a-8f4c-11e3-bc2a-d133b9164cf4</uuidresource>
      <datelastmodified>Thu, 06 Feb 2014 16:31:44 GMT</datelastmodified>
      <userlastmodified>Admin</userlastmodified>
      <datecreated>Thu, 06 Feb 2014 16:31:44 GMT</datecreated>
      <usercreated>Admin</usercreated>
      <flags>0</flags>
      <properties/>
      <relations/>
      <accesscontrol/>
    </file>
    <file>
      <source>system/modules/org.opencms.ade.postupload/resources/postupload/349EBC8372A91B138CA0FD24015374F4.gwt.rpc</source>
      <destination>system/modules/org.opencms.ade.postupload/resources/postupload/349EBC8372A91B138CA0FD24015374F4.gwt.rpc</destination>
      <type>binary</type>
      <uuidstructure>2aa3ef8b-8f4c-11e3-bc2a-d133b9164cf4</uuidstructure>
      <uuidresource>2aa5c44c-8f4c-11e3-bc2a-d133b9164cf4</uuidresource>
      <datelastmodified>Thu, 06 Feb 2014 16:31:44 GMT</datelastmodified>
      <userlastmodified>Admin</userlastmodified>
      <datecreated>Thu, 06 Feb 2014 16:31:44 GMT</datecreated>
      <usercreated>Admin</usercreated>
      <flags>0</flags>
      <properties/>
      <relations/>
      <accesscontrol/>
    </file>
    <file>
      <source>system/modules/org.opencms.ade.postupload/resources/postupload/5C30341D746C34BD94CE436784B8E727.cache.html</source>
      <destination>system/modules/org.opencms.ade.postupload/resources/postupload/5C30341D746C34BD94CE436784B8E727.cache.html</destination>
      <type>binary</type>
      <uuidstructure>2aa9bbed-8f4c-11e3-bc2a-d133b9164cf4</uuidstructure>
      <uuidresource>2aa9e2fe-8f4c-11e3-bc2a-d133b9164cf4</uuidresource>
      <datelastmodified>Thu, 06 Feb 2014 16:31:44 GMT</datelastmodified>
      <userlastmodified>Admin</userlastmodified>
      <datecreated>Thu, 06 Feb 2014 16:31:44 GMT</datecreated>
      <usercreated>Admin</usercreated>
      <flags>0</flags>
      <properties/>
      <relations/>
      <accesscontrol/>
    </file>
    <file>
      <source>system/modules/org.opencms.ade.postupload/resources/postupload/382E76EEB5BEF0EFEB8848E656BB66B6.gwt.rpc</source>
      <destination>system/modules/org.opencms.ade.postupload/resources/postupload/382E76EEB5BEF0EFEB8848E656BB66B6.gwt.rpc</destination>
      <type>binary</type>
      <uuidstructure>2aad656f-8f4c-11e3-bc2a-d133b9164cf4</uuidstructure>
      <uuidresource>2aad8c80-8f4c-11e3-bc2a-d133b9164cf4</uuidresource>
      <datelastmodified>Thu, 06 Feb 2014 16:31:44 GMT</datelastmodified>
      <userlastmodified>Admin</userlastmodified>
      <datecreated>Thu, 06 Feb 2014 16:31:44 GMT</datecreated>
      <usercreated>Admin</usercreated>
      <flags>0</flags>
      <properties/>
      <relations/>
      <accesscontrol/>
    </file>
    <file>
      <source>system/modules/org.opencms.ade.postupload/resources/postupload/5AC95C963C2B47890F6A4723DBBEE1A0.gwt.rpc</source>
      <destination>system/modules/org.opencms.ade.postupload/resources/postupload/5AC95C963C2B47890F6A4723DBBEE1A0.gwt.rpc</destination>
      <type>binary</type>
      <uuidstructure>2aafaf61-8f4c-11e3-bc2a-d133b9164cf4</uuidstructure>
      <uuidresource>2aafd672-8f4c-11e3-bc2a-d133b9164cf4</uuidresource>
      <datelastmodified>Thu, 06 Feb 2014 16:31:44 GMT</datelastmodified>
      <userlastmodified>Admin</userlastmodified>
      <datecreated>Thu, 06 Feb 2014 16:31:44 GMT</datecreated>
      <usercreated>Admin</usercreated>
      <flags>0</flags>
      <properties/>
      <relations/>
      <accesscontrol/>
    </file>
    <file>
      <source>system/modules/org.opencms.ade.postupload/resources/postupload/hosted.html</source>
      <destination>system/modules/org.opencms.ade.postupload/resources/postupload/hosted.html</destination>
      <type>binary</type>
      <uuidstructure>2ab18423-8f4c-11e3-bc2a-d133b9164cf4</uuidstructure>
      <uuidresource>2ab1ab34-8f4c-11e3-bc2a-d133b9164cf4</uuidresource>
      <datelastmodified>Thu, 06 Feb 2014 16:31:44 GMT</datelastmodified>
      <userlastmodified>Admin</userlastmodified>
      <datecreated>Thu, 06 Feb 2014 16:31:44 GMT</datecreated>
      <usercreated>Admin</usercreated>
      <flags>0</flags>
      <properties/>
      <relations/>
      <accesscontrol/>
    </file>
    <file>
      <source>system/modules/org.opencms.ade.postupload/resources/postupload/EBAAAFD8659A57ABD3808A7C3580BCA1.cache.html</source>
      <destination>system/modules/org.opencms.ade.postupload/resources/postupload/EBAAAFD8659A57ABD3808A7C3580BCA1.cache.html</destination>
      <type>binary</type>
      <uuidstructure>2ab37ff5-8f4c-11e3-bc2a-d133b9164cf4</uuidstructure>
      <uuidresource>2ab3a706-8f4c-11e3-bc2a-d133b9164cf4</uuidresource>
      <datelastmodified>Thu, 06 Feb 2014 16:31:44 GMT</datelastmodified>
      <userlastmodified>Admin</userlastmodified>
      <datecreated>Thu, 06 Feb 2014 16:31:44 GMT</datecreated>
      <usercreated>Admin</usercreated>
      <flags>0</flags>
      <properties/>
      <relations/>
      <accesscontrol/>
    </file>
    <file>
      <source>system/modules/org.opencms.ade.postupload/resources/postupload/614A8351A28C0A4378525F849533D3FF.gwt.rpc</source>
      <destination>system/modules/org.opencms.ade.postupload/resources/postupload/614A8351A28C0A4378525F849533D3FF.gwt.rpc</destination>
      <type>binary</type>
      <uuidstructure>2ab6b447-8f4c-11e3-bc2a-d133b9164cf4</uuidstructure>
      <uuidresource>2ab6db58-8f4c-11e3-bc2a-d133b9164cf4</uuidresource>
      <datelastmodified>Thu, 06 Feb 2014 16:31:44 GMT</datelastmodified>
      <userlastmodified>Admin</userlastmodified>
      <datecreated>Thu, 06 Feb 2014 16:31:44 GMT</datecreated>
      <usercreated>Admin</usercreated>
      <flags>0</flags>
      <properties/>
      <relations/>
      <accesscontrol/>
    </file>
    <file>
      <source>system/modules/org.opencms.ade.postupload/resources/postupload/postupload.nocache.js</source>
      <destination>system/modules/org.opencms.ade.postupload/resources/postupload/postupload.nocache.js</destination>
      <type>binary</type>
      <uuidstructure>2abeca99-8f4c-11e3-bc2a-d133b9164cf4</uuidstructure>
      <uuidresource>2abf18ba-8f4c-11e3-bc2a-d133b9164cf4</uuidresource>
      <datelastmodified>Thu, 06 Feb 2014 16:31:44 GMT</datelastmodified>
      <userlastmodified>Admin</userlastmodified>
      <datecreated>Thu, 06 Feb 2014 16:31:44 GMT</datecreated>
      <usercreated>Admin</usercreated>
      <flags>0</flags>
      <properties/>
      <relations/>
      <accesscontrol/>
    </file>
    <file>
      <source>system/modules/org.opencms.ade.postupload/resources/postupload/C68519D0B55848E4F366CDA28BB3CD82.cache.html</source>
      <destination>system/modules/org.opencms.ade.postupload/resources/postupload/C68519D0B55848E4F366CDA28BB3CD82.cache.html</destination>
      <type>binary</type>
      <uuidstructure>2ac61d9b-8f4c-11e3-bc2a-d133b9164cf4</uuidstructure>
      <uuidresource>2ac66bbc-8f4c-11e3-bc2a-d133b9164cf4</uuidresource>
      <datelastmodified>Thu, 06 Feb 2014 16:31:44 GMT</datelastmodified>
      <userlastmodified>Admin</userlastmodified>
      <datecreated>Thu, 06 Feb 2014 16:31:44 GMT</datecreated>
      <usercreated>Admin</usercreated>
      <flags>0</flags>
      <properties/>
      <relations/>
      <accesscontrol/>
    </file>
    <file>
      <source>system/modules/org.opencms.ade.postupload/resources/postupload/88991604473B757BE75C6DC0414DF6E8.cache.html</source>
      <destination>system/modules/org.opencms.ade.postupload/resources/postupload/88991604473B757BE75C6DC0414DF6E8.cache.html</destination>
      <type>binary</type>
      <uuidstructure>2acb26ad-8f4c-11e3-bc2a-d133b9164cf4</uuidstructure>
      <uuidresource>2acbe9fe-8f4c-11e3-bc2a-d133b9164cf4</uuidresource>
      <datelastmodified>Thu, 06 Feb 2014 16:31:44 GMT</datelastmodified>
      <userlastmodified>Admin</userlastmodified>
      <datecreated>Thu, 06 Feb 2014 16:31:44 GMT</datecreated>
      <usercreated>Admin</usercreated>
      <flags>0</flags>
      <properties/>
      <relations/>
      <accesscontrol/>
    </file>
  </files>
</export>
