<?xml version="1.0" encoding="UTF-8"?>
<!DOCTYPE application PUBLIC
	"-//Sun Microsystems, Inc.//DTD J2EE Application 1.3//EN"
	"http://java.sun.com/dtd/application_1_3.dtd">
<application>
  <display-name>jee-example-app</display-name>
  <description>Example EAR, WAR, EJB JAR that use Weblogic vendor specific APIs.</description>
  <module>
    <web>
      <web-uri>jee-example-web.war</web-uri>
      <context-root>/jee-example-web</context-root>
    </web>
  </module>
  <module>
    <ejb>jee-example-services.jar</ejb>
  </module>
</application>