<?xml version="1.0" encoding="UTF-8"?><plugin>
<groupId>org.apache.cxf</groupId>
<artifactId>cxf-codegen-plugin</artifactId>
<version>2.2.7</version>
<executions>
<execution>
<id>generate-sources</id>
<phase>generate-sources</phase>
<configuration>
<sourceRoot>${basedir}/src/main/java</sourceRoot>
<wsdlOptions>
<wsdlOption>
<wsdl>PATH_TO_WSDL</wsdl>
</wsdlOption>
</wsdlOptions>
<extraargs>
<extraarg>-keep</extraarg>
<extraarg>-impl</extraarg>
<extraarg>-verbose</extraarg>
<extraarg>-client</extraarg>
<extraarg>-db</extraarg>
<extraarg>xmlbeans</extraarg>
<extraarg>-autoNameResolution</extraarg>
</extraargs>
</configuration>
<goals>
<goal>wsdl2java</goal>
</goals>
</execution>
</executions>
</plugin>
