<?xml version="1.0" encoding="UTF-8"?>

<NewFormatters xmlns:xsi="http://www.w3.org/2001/XMLSchema-instance" xsi:noNamespaceSchemaLocation="opencms://system/modules/org.opencms.ade.config/schemas/formatters/new_formatter.xsd">
  <NewFormatter language="en">
    <NiceName><![CDATA[Textblock formatter with image top]]></NiceName>
    <Type><![CDATA[bs-textblock]]></Type>
    <Jsp>
      <link type="WEAK">
        <target><![CDATA[/system/modules/com.alkacon.bootstrap.formatters/formatters/textblock-img-top.jsp]]></target>
        <uuid>13f60eff-4782-11e3-ba23-000c29d28104</uuid>
      </link>
    </Jsp>
    <Rank><![CDATA[800]]></Rank>
    <Match>
      <Types>
        <ContainerType><![CDATA[content]]></ContainerType>
        <ContainerType><![CDATA[content-full]]></ContainerType>
      </Types>
    </Match>
    <Preview>false</Preview>
    <SearchContent>true</SearchContent>
    <AutoEnabled>true</AutoEnabled>
    <Detail>false</Detail>
  </NewFormatter>
</NewFormatters>
