<?xml version="1.0" encoding="UTF-8"?>

<export>
  <info>
    <creator>Admin</creator>
    <opencms_version>9.0.0</opencms_version>
    <createdate>Thu, 08 Dec 2011 08:18:34 GMT</createdate>
    <infoproject>Offline</infoproject>
    <export_version>7</export_version>
  </info>
  <module>
    <name>org.opencms.ade.publish</name>
    <nicename><![CDATA[OpenCms 9 ADE Publish]]></nicename>
    <group>OpenCms ADE</group>
    <class/>
    <description><![CDATA[<p>Gwt based publish dialog for OpenCms 8<p>
<p><i>&copy; 2014 by Alkacon Software GmbH (http://www.alkacon.com).</i></p>]]></description>
    <version>9.0.1</version>
    <authorname/>
    <authoremail/>
    <datecreated/>
    <userinstalled/>
    <dateinstalled/>
    <dependencies>
      <dependency name="org.opencms.ade.config" version="9.0.0"/>
    </dependencies>
    <exportpoints>
      <exportpoint uri="/system/modules/org.opencms.ade.publish/resources/" destination="resources/ade/"/>
    </exportpoints>
    <resources>
      <resource uri="/system/modules/org.opencms.ade.publish/"/>
    </resources>
  </module>
  <files>
    <file>
      <destination>system</destination>
      <type>folder</type>
      <uuidstructure>f233e6a6-20e6-11e1-ac1d-4d6aceb32220</uuidstructure>
      <datelastmodified>Wed, 07 Dec 2011 15:20:07 GMT</datelastmodified>
      <userlastmodified>Admin</userlastmodified>
      <datecreated>Wed, 07 Dec 2011 15:20:07 GMT</datecreated>
      <usercreated>Admin</usercreated>
      <flags>0</flags>
      <properties/>
      <relations/>
      <accesscontrol>
        <accessentry>
          <uuidprincipal>ROLE.WORKPLACE_USER</uuidprincipal>
          <flags>514</flags>
          <permissionset>
            <allowed>1</allowed>
            <denied>0</denied>
          </permissionset>
        </accessentry>
      </accesscontrol>
    </file>
    <file>
      <destination>system/modules</destination>
      <type>folder</type>
      <uuidstructure>f2eb7712-20e6-11e1-ac1d-4d6aceb32220</uuidstructure>
      <datelastmodified>Wed, 07 Dec 2011 15:20:08 GMT</datelastmodified>
      <userlastmodified>Admin</userlastmodified>
      <datecreated>Wed, 07 Dec 2011 15:20:08 GMT</datecreated>
      <usercreated>Admin</usercreated>
      <flags>0</flags>
      <properties/>
      <relations/>
      <accesscontrol>
        <accessentry>
          <uuidprincipal>ROLE.WORKPLACE_USER</uuidprincipal>
          <flags>514</flags>
          <permissionset>
            <allowed>5</allowed>
            <denied>0</denied>
          </permissionset>
        </accessentry>
      </accesscontrol>
    </file>
    <file>
      <destination>system/modules/org.opencms.ade.publish</destination>
      <type>folder</type>
      <uuidstructure>f4a8034b-2174-11e1-a3f6-4d6aceb32220</uuidstructure>
      <datelastmodified>Thu, 08 Dec 2011 08:16:40 GMT</datelastmodified>
      <userlastmodified>Admin</userlastmodified>
      <datecreated>Thu, 08 Dec 2011 08:16:40 GMT</datecreated>
      <usercreated>Admin</usercreated>
      <flags>0</flags>
      <properties/>
      <relations/>
      <accesscontrol/>
    </file>
    <file>
      <source>system/modules/org.opencms.ade.publish/publish.jsp</source>
      <destination>system/modules/org.opencms.ade.publish/publish.jsp</destination>
      <type>jsp</type>
      <uuidstructure>26ada581-2175-11e1-a3f6-4d6aceb32220</uuidstructure>
      <uuidresource>26ada582-2175-11e1-a3f6-4d6aceb32220</uuidresource>
      <datelastmodified>Thu, 08 Dec 2011 08:18:04 GMT</datelastmodified>
      <userlastmodified>Admin</userlastmodified>
      <datecreated>Thu, 08 Dec 2011 08:18:04 GMT</datecreated>
      <usercreated>Admin</usercreated>
      <flags>0</flags>
      <properties>
        <property type="shared">
          <name>export</name>
          <value><![CDATA[false]]></value>
        </property>
        <property>
          <name>login-form</name>
          <value><![CDATA[/system/login/index.html]]></value>
        </property>
      </properties>
      <relations/>
      <accesscontrol>
        <accessentry>
          <uuidprincipal>ALL_OTHERS</uuidprincipal>
          <flags>132</flags>
          <permissionset>
            <allowed>0</allowed>
            <denied>0</denied>
          </permissionset>
        </accessentry>
      </accesscontrol>
    </file>
    <file>
      <source>system/modules/org.opencms.ade.publish/direct_publish.jsp</source>
      <destination>system/modules/org.opencms.ade.publish/direct_publish.jsp</destination>
      <type>jsp</type>
      <uuidstructure>4794cb7c-0e03-4e48-b3fb-55f807c07e75</uuidstructure>
      <uuidresource>385bcf53-98dd-40fc-b1bb-4c1365e99f2b</uuidresource>
      <datelastmodified>Thu, 08 Dec 2011 08:18:04 GMT</datelastmodified>
      <userlastmodified>Admin</userlastmodified>
      <datecreated>Thu, 08 Dec 2011 08:18:04 GMT</datecreated>
      <usercreated>Admin</usercreated>
      <flags>0</flags>
      <properties>
        <property type="shared">
          <name>export</name>
          <value><![CDATA[false]]></value>
        </property>
      </properties>
      <relations/>
      <accesscontrol>
        <accessentry>
          <uuidprincipal>ALL_OTHERS</uuidprincipal>
          <flags>132</flags>
          <permissionset>
            <allowed>0</allowed>
            <denied>0</denied>
          </permissionset>
        </accessentry>
      </accesscontrol>
    </file>
    <file>
      <destination>system/modules/org.opencms.ade.publish/resources</destination>
      <type>folder</type>
      <uuidstructure>11d83ded-2175-11e1-a3f6-4d6aceb32220</uuidstructure>
      <datelastmodified>Thu, 08 Dec 2011 08:17:29 GMT</datelastmodified>
      <userlastmodified>Admin</userlastmodified>
      <datecreated>Thu, 08 Dec 2011 08:17:29 GMT</datecreated>
      <usercreated>Admin</usercreated>
      <flags>0</flags>
      <properties/>
      <relations/>
      <accesscontrol/>
    </file>
    <file>
      <destination>system/modules/org.opencms.ade.publish/resources/publish</destination>
      <type>folder</type>
      <uuidstructure>19a8ab4f-2175-11e1-a3f6-4d6aceb32220</uuidstructure>
      <datelastmodified>Thu, 08 Dec 2011 08:17:42 GMT</datelastmodified>
      <userlastmodified>Admin</userlastmodified>
      <datecreated>Thu, 08 Dec 2011 08:17:42 GMT</datecreated>
      <usercreated>Admin</usercreated>
      <flags>0</flags>
      <properties/>
      <relations/>
      <accesscontrol/>
    </file>
    <file>
      <source>system/modules/org.opencms.ade.publish/resources/publish/clear.cache.gif</source>
      <destination>system/modules/org.opencms.ade.publish/resources/publish/clear.cache.gif</destination>
      <type>image</type>
      <uuidstructure>28f70d2c-8f4d-11e3-807a-3118c4508f27</uuidstructure>
      <uuidresource>28f7343d-8f4d-11e3-807a-3118c4508f27</uuidresource>
      <datelastmodified>Thu, 06 Feb 2014 16:38:51 GMT</datelastmodified>
      <userlastmodified>Admin</userlastmodified>
      <datecreated>Thu, 06 Feb 2014 16:38:51 GMT</datecreated>
      <usercreated>Admin</usercreated>
      <flags>0</flags>
      <properties/>
      <relations/>
      <accesscontrol/>
    </file>
    <file>
      <source>system/modules/org.opencms.ade.publish/resources/publish/45EEC55931B99D359A2150F06CC0E3A0.gwt.rpc</source>
      <destination>system/modules/org.opencms.ade.publish/resources/publish/45EEC55931B99D359A2150F06CC0E3A0.gwt.rpc</destination>
      <type>binary</type>
      <uuidstructure>28f908fe-8f4d-11e3-807a-3118c4508f27</uuidstructure>
      <uuidresource>28f9300f-8f4d-11e3-807a-3118c4508f27</uuidresource>
      <datelastmodified>Thu, 06 Feb 2014 16:38:51 GMT</datelastmodified>
      <userlastmodified>Admin</userlastmodified>
      <datecreated>Thu, 06 Feb 2014 16:38:51 GMT</datecreated>
      <usercreated>Admin</usercreated>
      <flags>0</flags>
      <properties/>
      <relations/>
      <accesscontrol/>
    </file>
    <file>
      <source>system/modules/org.opencms.ade.publish/resources/publish/07B6CB4855DEA88337D5A591AC35952C.cache.html</source>
      <destination>system/modules/org.opencms.ade.publish/resources/publish/07B6CB4855DEA88337D5A591AC35952C.cache.html</destination>
      <type>binary</type>
      <uuidstructure>28fba110-8f4d-11e3-807a-3118c4508f27</uuidstructure>
      <uuidresource>28fc8b71-8f4d-11e3-807a-3118c4508f27</uuidresource>
      <datelastmodified>Thu, 06 Feb 2014 16:38:51 GMT</datelastmodified>
      <userlastmodified>Admin</userlastmodified>
      <datecreated>Thu, 06 Feb 2014 16:38:51 GMT</datecreated>
      <usercreated>Admin</usercreated>
      <flags>0</flags>
      <properties/>
      <relations/>
      <accesscontrol/>
    </file>
    <file>
      <source>system/modules/org.opencms.ade.publish/resources/publish/1D33149B6822C2180A8C882E95E5DA33.cache.html</source>
      <destination>system/modules/org.opencms.ade.publish/resources/publish/1D33149B6822C2180A8C882E95E5DA33.cache.html</destination>
      <type>binary</type>
      <uuidstructure>2903b762-8f4d-11e3-807a-3118c4508f27</uuidstructure>
      <uuidresource>2903de73-8f4d-11e3-807a-3118c4508f27</uuidresource>
      <datelastmodified>Thu, 06 Feb 2014 16:38:51 GMT</datelastmodified>
      <userlastmodified>Admin</userlastmodified>
      <datecreated>Thu, 06 Feb 2014 16:38:51 GMT</datecreated>
      <usercreated>Admin</usercreated>
      <flags>0</flags>
      <properties/>
      <relations/>
      <accesscontrol/>
    </file>
    <file>
      <source>system/modules/org.opencms.ade.publish/resources/publish/349EBC8372A91B138CA0FD24015374F4.gwt.rpc</source>
      <destination>system/modules/org.opencms.ade.publish/resources/publish/349EBC8372A91B138CA0FD24015374F4.gwt.rpc</destination>
      <type>binary</type>
      <uuidstructure>2907fd24-8f4d-11e3-807a-3118c4508f27</uuidstructure>
      <uuidresource>29082435-8f4d-11e3-807a-3118c4508f27</uuidresource>
      <datelastmodified>Thu, 06 Feb 2014 16:38:51 GMT</datelastmodified>
      <userlastmodified>Admin</userlastmodified>
      <datecreated>Thu, 06 Feb 2014 16:38:51 GMT</datecreated>
      <usercreated>Admin</usercreated>
      <flags>0</flags>
      <properties/>
      <relations/>
      <accesscontrol/>
    </file>
    <file>
      <source>system/modules/org.opencms.ade.publish/resources/publish/0AE296EE1B6ECF63D1A8E61C6132A226.cache.html</source>
      <destination>system/modules/org.opencms.ade.publish/resources/publish/0AE296EE1B6ECF63D1A8E61C6132A226.cache.html</destination>
      <type>binary</type>
      <uuidstructure>290983c6-8f4d-11e3-807a-3118c4508f27</uuidstructure>
      <uuidresource>2909aad7-8f4d-11e3-807a-3118c4508f27</uuidresource>
      <datelastmodified>Thu, 06 Feb 2014 16:38:51 GMT</datelastmodified>
      <userlastmodified>Admin</userlastmodified>
      <datecreated>Thu, 06 Feb 2014 16:38:51 GMT</datecreated>
      <usercreated>Admin</usercreated>
      <flags>0</flags>
      <properties/>
      <relations/>
      <accesscontrol/>
    </file>
    <file>
      <source>system/modules/org.opencms.ade.publish/resources/publish/5AC95C963C2B47890F6A4723DBBEE1A0.gwt.rpc</source>
      <destination>system/modules/org.opencms.ade.publish/resources/publish/5AC95C963C2B47890F6A4723DBBEE1A0.gwt.rpc</destination>
      <type>binary</type>
      <uuidstructure>290b5888-8f4d-11e3-807a-3118c4508f27</uuidstructure>
      <uuidresource>290b7f99-8f4d-11e3-807a-3118c4508f27</uuidresource>
      <datelastmodified>Thu, 06 Feb 2014 16:38:51 GMT</datelastmodified>
      <userlastmodified>Admin</userlastmodified>
      <datecreated>Thu, 06 Feb 2014 16:38:51 GMT</datecreated>
      <usercreated>Admin</usercreated>
      <flags>0</flags>
      <properties/>
      <relations/>
      <accesscontrol/>
    </file>
    <file>
      <source>system/modules/org.opencms.ade.publish/resources/publish/hosted.html</source>
      <destination>system/modules/org.opencms.ade.publish/resources/publish/hosted.html</destination>
      <type>binary</type>
      <uuidstructure>290d2d4a-8f4d-11e3-807a-3118c4508f27</uuidstructure>
      <uuidresource>290d545b-8f4d-11e3-807a-3118c4508f27</uuidresource>
      <datelastmodified>Thu, 06 Feb 2014 16:38:51 GMT</datelastmodified>
      <userlastmodified>Admin</userlastmodified>
      <datecreated>Thu, 06 Feb 2014 16:38:51 GMT</datecreated>
      <usercreated>Admin</usercreated>
      <flags>0</flags>
      <properties/>
      <relations/>
      <accesscontrol/>
    </file>
    <file>
      <source>system/modules/org.opencms.ade.publish/resources/publish/publish.nocache.js</source>
      <destination>system/modules/org.opencms.ade.publish/resources/publish/publish.nocache.js</destination>
      <type>binary</type>
      <uuidstructure>2910619c-8f4d-11e3-807a-3118c4508f27</uuidstructure>
      <uuidresource>291124ed-8f4d-11e3-807a-3118c4508f27</uuidresource>
      <datelastmodified>Thu, 06 Feb 2014 16:38:51 GMT</datelastmodified>
      <userlastmodified>Admin</userlastmodified>
      <datecreated>Thu, 06 Feb 2014 16:38:51 GMT</datecreated>
      <usercreated>Admin</usercreated>
      <flags>0</flags>
      <properties/>
      <relations/>
      <accesscontrol/>
    </file>
    <file>
      <source>system/modules/org.opencms.ade.publish/resources/publish/614A8351A28C0A4378525F849533D3FF.gwt.rpc</source>
      <destination>system/modules/org.opencms.ade.publish/resources/publish/614A8351A28C0A4378525F849533D3FF.gwt.rpc</destination>
      <type>binary</type>
      <uuidstructure>29173f6e-8f4d-11e3-807a-3118c4508f27</uuidstructure>
      <uuidresource>2917667f-8f4d-11e3-807a-3118c4508f27</uuidresource>
      <datelastmodified>Thu, 06 Feb 2014 16:38:51 GMT</datelastmodified>
      <userlastmodified>Admin</userlastmodified>
      <datecreated>Thu, 06 Feb 2014 16:38:51 GMT</datecreated>
      <usercreated>Admin</usercreated>
      <flags>0</flags>
      <properties/>
      <relations/>
      <accesscontrol/>
    </file>
    <file>
      <source>system/modules/org.opencms.ade.publish/resources/publish/D54B6141AD68A0243916480AE09D5792.cache.html</source>
      <destination>system/modules/org.opencms.ade.publish/resources/publish/D54B6141AD68A0243916480AE09D5792.cache.html</destination>
      <type>binary</type>
      <uuidstructure>291e9270-8f4d-11e3-807a-3118c4508f27</uuidstructure>
      <uuidresource>291eb981-8f4d-11e3-807a-3118c4508f27</uuidresource>
      <datelastmodified>Thu, 06 Feb 2014 16:38:51 GMT</datelastmodified>
      <userlastmodified>Admin</userlastmodified>
      <datecreated>Thu, 06 Feb 2014 16:38:51 GMT</datecreated>
      <usercreated>Admin</usercreated>
      <flags>0</flags>
      <properties/>
      <relations/>
      <accesscontrol/>
    </file>
    <file>
      <source>system/modules/org.opencms.ade.publish/resources/publish/722D690A955B9A0A8E7915C9D5F8FF77.cache.html</source>
      <destination>system/modules/org.opencms.ade.publish/resources/publish/722D690A955B9A0A8E7915C9D5F8FF77.cache.html</destination>
      <type>binary</type>
      <uuidstructure>29237472-8f4d-11e3-807a-3118c4508f27</uuidstructure>
      <uuidresource>2923c293-8f4d-11e3-807a-3118c4508f27</uuidresource>
      <datelastmodified>Thu, 06 Feb 2014 16:38:51 GMT</datelastmodified>
      <userlastmodified>Admin</userlastmodified>
      <datecreated>Thu, 06 Feb 2014 16:38:51 GMT</datecreated>
      <usercreated>Admin</usercreated>
      <flags>0</flags>
      <properties/>
      <relations/>
      <accesscontrol/>
    </file>
  </files>
</export>
