<?xml version="1.0" encoding="UTF-8"?>

<export>
  <info>
    <creator>Admin</creator>
    <opencms_version>9.0.0</opencms_version>
    <createdate>Fri, 02 Nov 2012 11:33:14 GMT</createdate>
    <infoproject>Offline</infoproject>
    <export_version>7</export_version>
  </info>
  <module>
    <name>org.opencms.ade.properties</name>
    <nicename><![CDATA[ADE Property dialog]]></nicename>
    <group>OpenCms ADE</group>
    <class/>
    <description><![CDATA[This module provides the properties dialog for the workplace.<br>
<i>&copy; 2014 by Alkacon Software GmbH (http://www.alkacon.com).</i>]]></description>
    <version>9.0.1</version>
    <authorname><![CDATA[Alkacon Software GmbH]]></authorname>
    <authoremail><![CDATA[sales@alkacon.com]]></authoremail>
    <datecreated/>
    <userinstalled/>
    <dateinstalled/>
    <dependencies>
      <dependency name="org.opencms.ade.config" version="9.0.0"/>
    </dependencies>
    <exportpoints>
      <exportpoint uri="/system/modules/org.opencms.ade.properties/resources/" destination="resources/ade/"/>
    </exportpoints>
    <resources>
      <resource uri="/system/modules/org.opencms.ade.properties/"/>
    </resources>
  </module>
  <files>
    <file>
      <destination>system</destination>
      <type>folder</type>
      <uuidstructure>834752a9-1dbd-11e2-9701-59be2b399239</uuidstructure>
      <datelastmodified>Wed, 24 Oct 2012 09:30:56 GMT</datelastmodified>
      <userlastmodified>Admin</userlastmodified>
      <datecreated>Wed, 24 Oct 2012 09:30:56 GMT</datecreated>
      <usercreated>Admin</usercreated>
      <flags>0</flags>
      <properties/>
      <relations/>
      <accesscontrol>
        <accessentry>
          <uuidprincipal>ROLE.WORKPLACE_USER</uuidprincipal>
          <flags>514</flags>
          <permissionset>
            <allowed>1</allowed>
            <denied>0</denied>
          </permissionset>
        </accessentry>
      </accesscontrol>
    </file>
    <file>
      <destination>system/modules</destination>
      <type>folder</type>
      <uuidstructure>872e5115-1dbd-11e2-9701-59be2b399239</uuidstructure>
      <datelastmodified>Wed, 24 Oct 2012 09:31:02 GMT</datelastmodified>
      <userlastmodified>Admin</userlastmodified>
      <datecreated>Wed, 24 Oct 2012 09:31:02 GMT</datecreated>
      <usercreated>Admin</usercreated>
      <flags>0</flags>
      <properties/>
      <relations/>
      <accesscontrol>
        <accessentry>
          <uuidprincipal>ROLE.WORKPLACE_USER</uuidprincipal>
          <flags>514</flags>
          <permissionset>
            <allowed>5</allowed>
            <denied>0</denied>
          </permissionset>
        </accessentry>
      </accesscontrol>
    </file>
    <file>
      <destination>system/modules/org.opencms.ade.properties</destination>
      <type>folder</type>
      <uuidstructure>88327b4d-24e0-11e2-8f24-59be2b399239</uuidstructure>
      <datelastmodified>Fri, 02 Nov 2012 11:29:15 GMT</datelastmodified>
      <userlastmodified>Admin</userlastmodified>
      <datecreated>Fri, 02 Nov 2012 11:29:15 GMT</datecreated>
      <usercreated>Admin</usercreated>
      <flags>0</flags>
      <properties/>
      <relations/>
      <accesscontrol/>
    </file>
    <file>
      <destination>system/modules/org.opencms.ade.properties/pages</destination>
      <type>folder</type>
      <uuidstructure>8853e5ff-24e0-11e2-8f24-59be2b399239</uuidstructure>
      <datelastmodified>Fri, 02 Nov 2012 11:29:15 GMT</datelastmodified>
      <userlastmodified>Admin</userlastmodified>
      <datecreated>Fri, 02 Nov 2012 11:29:15 GMT</datecreated>
      <usercreated>Admin</usercreated>
      <flags>0</flags>
      <properties/>
      <relations/>
      <accesscontrol/>
    </file>
    <file>
      <source>system/modules/org.opencms.ade.properties/pages/properties.jsp</source>
      <destination>system/modules/org.opencms.ade.properties/pages/properties.jsp</destination>
      <type>jsp</type>
      <uuidstructure>dd359570-c6cd-4493-8921-158890608979</uuidstructure>
      <uuidresource>c71d3a56-233e-4bd0-9016-78299aa1181e</uuidresource>
      <datelastmodified>Fri, 02 Nov 2012 11:48:07 GMT</datelastmodified>
      <userlastmodified>Admin</userlastmodified>
      <datecreated>Fri, 02 Nov 2012 11:48:07 GMT</datecreated>
      <usercreated>Admin</usercreated>
      <flags>0</flags>
      <properties/>
      <relations/>
      <accesscontrol/>
    </file>
    <file>
      <destination>system/modules/org.opencms.ade.properties/resources</destination>
      <type>folder</type>
      <uuidstructure>db779ed6-24e0-11e2-8f24-59be2b399239</uuidstructure>
      <datelastmodified>Fri, 02 Nov 2012 11:31:34 GMT</datelastmodified>
      <userlastmodified>Admin</userlastmodified>
      <datecreated>Fri, 02 Nov 2012 11:31:34 GMT</datecreated>
      <usercreated>Admin</usercreated>
      <flags>0</flags>
      <properties/>
      <relations/>
      <accesscontrol/>
    </file>
    <file>
      <destination>system/modules/org.opencms.ade.properties/resources/properties</destination>
      <type>folder</type>
      <uuidstructure>710686a0-b4a0-4761-8445-2ff526b9aa00</uuidstructure>
      <uuidresource>419b8cb1-4db9-4408-a9cd-9c0a5b1b6134</uuidresource>
      <datelastmodified>Fri, 02 Nov 2012 11:48:07 GMT</datelastmodified>
      <userlastmodified>Admin</userlastmodified>
      <datecreated>Fri, 02 Nov 2012 11:48:07 GMT</datecreated>
      <usercreated>Admin</usercreated>
      <flags>0</flags>
      <properties/>
      <relations/>
      <accesscontrol/>
    </file>
    <file>
      <source>system/modules/org.opencms.ade.properties/resources/properties/09C9734764B93DC1B4133E1060F390B9.cache.html</source>
      <destination>system/modules/org.opencms.ade.properties/resources/properties/09C9734764B93DC1B4133E1060F390B9.cache.html</destination>
      <type>binary</type>
      <uuidstructure>a9d82cc7-8f4c-11e3-9018-ef51071f34a5</uuidstructure>
      <uuidresource>a9d87ae8-8f4c-11e3-9018-ef51071f34a5</uuidresource>
      <datelastmodified>Thu, 06 Feb 2014 16:35:18 GMT</datelastmodified>
      <userlastmodified>Admin</userlastmodified>
      <datecreated>Thu, 06 Feb 2014 16:35:18 GMT</datecreated>
      <usercreated>Admin</usercreated>
      <flags>0</flags>
      <properties/>
      <relations/>
      <accesscontrol/>
    </file>
    <file>
      <source>system/modules/org.opencms.ade.properties/resources/properties/clear.cache.gif</source>
      <destination>system/modules/org.opencms.ade.properties/resources/properties/clear.cache.gif</destination>
      <type>image</type>
      <uuidstructure>a9da2899-8f4c-11e3-9018-ef51071f34a5</uuidstructure>
      <uuidresource>a9da4faa-8f4c-11e3-9018-ef51071f34a5</uuidresource>
      <datelastmodified>Thu, 06 Feb 2014 16:35:18 GMT</datelastmodified>
      <userlastmodified>Admin</userlastmodified>
      <datecreated>Thu, 06 Feb 2014 16:35:18 GMT</datecreated>
      <usercreated>Admin</usercreated>
      <flags>0</flags>
      <properties/>
      <relations/>
      <accesscontrol/>
    </file>
    <file>
      <source>system/modules/org.opencms.ade.properties/resources/properties/950D4A9BBD0F5A2C859F612D723BBE02.cache.html</source>
      <destination>system/modules/org.opencms.ade.properties/resources/properties/950D4A9BBD0F5A2C859F612D723BBE02.cache.html</destination>
      <type>binary</type>
      <uuidstructure>a9dc246b-8f4c-11e3-9018-ef51071f34a5</uuidstructure>
      <uuidresource>a9ddf92c-8f4c-11e3-9018-ef51071f34a5</uuidresource>
      <datelastmodified>Thu, 06 Feb 2014 16:35:18 GMT</datelastmodified>
      <userlastmodified>Admin</userlastmodified>
      <datecreated>Thu, 06 Feb 2014 16:35:18 GMT</datecreated>
      <usercreated>Admin</usercreated>
      <flags>0</flags>
      <properties/>
      <relations/>
      <accesscontrol/>
    </file>
    <file>
      <source>system/modules/org.opencms.ade.properties/resources/properties/349EBC8372A91B138CA0FD24015374F4.gwt.rpc</source>
      <destination>system/modules/org.opencms.ade.properties/resources/properties/349EBC8372A91B138CA0FD24015374F4.gwt.rpc</destination>
      <type>binary</type>
      <uuidstructure>a9e1a2ad-8f4c-11e3-9018-ef51071f34a5</uuidstructure>
      <uuidresource>a9e1c9be-8f4c-11e3-9018-ef51071f34a5</uuidresource>
      <datelastmodified>Thu, 06 Feb 2014 16:35:18 GMT</datelastmodified>
      <userlastmodified>Admin</userlastmodified>
      <datecreated>Thu, 06 Feb 2014 16:35:18 GMT</datecreated>
      <usercreated>Admin</usercreated>
      <flags>0</flags>
      <properties/>
      <relations/>
      <accesscontrol/>
    </file>
    <file>
      <source>system/modules/org.opencms.ade.properties/resources/properties/5AC95C963C2B47890F6A4723DBBEE1A0.gwt.rpc</source>
      <destination>system/modules/org.opencms.ade.properties/resources/properties/5AC95C963C2B47890F6A4723DBBEE1A0.gwt.rpc</destination>
      <type>binary</type>
      <uuidstructure>a9e4afef-8f4c-11e3-9018-ef51071f34a5</uuidstructure>
      <uuidresource>a9e4aff0-8f4c-11e3-9018-ef51071f34a5</uuidresource>
      <datelastmodified>Thu, 06 Feb 2014 16:35:18 GMT</datelastmodified>
      <userlastmodified>Admin</userlastmodified>
      <datecreated>Thu, 06 Feb 2014 16:35:18 GMT</datecreated>
      <usercreated>Admin</usercreated>
      <flags>0</flags>
      <properties/>
      <relations/>
      <accesscontrol/>
    </file>
    <file>
      <source>system/modules/org.opencms.ade.properties/resources/properties/477DA8FF293A8F10EB2B6779FB3945BA.cache.html</source>
      <destination>system/modules/org.opencms.ade.properties/resources/properties/477DA8FF293A8F10EB2B6779FB3945BA.cache.html</destination>
      <type>binary</type>
      <uuidstructure>a9e684b1-8f4c-11e3-9018-ef51071f34a5</uuidstructure>
      <uuidresource>a9e6abc2-8f4c-11e3-9018-ef51071f34a5</uuidresource>
      <datelastmodified>Thu, 06 Feb 2014 16:35:18 GMT</datelastmodified>
      <userlastmodified>Admin</userlastmodified>
      <datecreated>Thu, 06 Feb 2014 16:35:18 GMT</datecreated>
      <usercreated>Admin</usercreated>
      <flags>0</flags>
      <properties/>
      <relations/>
      <accesscontrol/>
    </file>
    <file>
      <source>system/modules/org.opencms.ade.properties/resources/properties/hosted.html</source>
      <destination>system/modules/org.opencms.ade.properties/resources/properties/hosted.html</destination>
      <type>binary</type>
      <uuidstructure>a9e83263-8f4c-11e3-9018-ef51071f34a5</uuidstructure>
      <uuidresource>a9e85974-8f4c-11e3-9018-ef51071f34a5</uuidresource>
      <datelastmodified>Thu, 06 Feb 2014 16:35:18 GMT</datelastmodified>
      <userlastmodified>Admin</userlastmodified>
      <datecreated>Thu, 06 Feb 2014 16:35:18 GMT</datecreated>
      <usercreated>Admin</usercreated>
      <flags>0</flags>
      <properties/>
      <relations/>
      <accesscontrol/>
    </file>
    <file>
      <source>system/modules/org.opencms.ade.properties/resources/properties/614A8351A28C0A4378525F849533D3FF.gwt.rpc</source>
      <destination>system/modules/org.opencms.ade.properties/resources/properties/614A8351A28C0A4378525F849533D3FF.gwt.rpc</destination>
      <type>binary</type>
      <uuidstructure>a9ea2e35-8f4c-11e3-9018-ef51071f34a5</uuidstructure>
      <uuidresource>a9ea5546-8f4c-11e3-9018-ef51071f34a5</uuidresource>
      <datelastmodified>Thu, 06 Feb 2014 16:35:18 GMT</datelastmodified>
      <userlastmodified>Admin</userlastmodified>
      <datecreated>Thu, 06 Feb 2014 16:35:18 GMT</datecreated>
      <usercreated>Admin</usercreated>
      <flags>0</flags>
      <properties/>
      <relations/>
      <accesscontrol/>
    </file>
    <file>
      <source>system/modules/org.opencms.ade.properties/resources/properties/1AEDBBC7FBB7D5E3351A1C41B67D1D09.cache.html</source>
      <destination>system/modules/org.opencms.ade.properties/resources/properties/1AEDBBC7FBB7D5E3351A1C41B67D1D09.cache.html</destination>
      <type>binary</type>
      <uuidstructure>a9ed3b77-8f4c-11e3-9018-ef51071f34a5</uuidstructure>
      <uuidresource>a9edfec8-8f4c-11e3-9018-ef51071f34a5</uuidresource>
      <datelastmodified>Thu, 06 Feb 2014 16:35:18 GMT</datelastmodified>
      <userlastmodified>Admin</userlastmodified>
      <datecreated>Thu, 06 Feb 2014 16:35:18 GMT</datecreated>
      <usercreated>Admin</usercreated>
      <flags>0</flags>
      <properties/>
      <relations/>
      <accesscontrol/>
    </file>
    <file>
      <source>system/modules/org.opencms.ade.properties/resources/properties/properties.nocache.js</source>
      <destination>system/modules/org.opencms.ade.properties/resources/properties/properties.nocache.js</destination>
      <type>binary</type>
      <uuidstructure>a9f1a849-8f4c-11e3-9018-ef51071f34a5</uuidstructure>
      <uuidresource>a9f37d0a-8f4c-11e3-9018-ef51071f34a5</uuidresource>
      <datelastmodified>Thu, 06 Feb 2014 16:35:18 GMT</datelastmodified>
      <userlastmodified>Admin</userlastmodified>
      <datecreated>Thu, 06 Feb 2014 16:35:18 GMT</datecreated>
      <usercreated>Admin</usercreated>
      <flags>0</flags>
      <properties/>
      <relations/>
      <accesscontrol/>
    </file>
    <file>
      <source>system/modules/org.opencms.ade.properties/resources/properties/A5E2403A029137091127A8D08DF01E4C.cache.html</source>
      <destination>system/modules/org.opencms.ade.properties/resources/properties/A5E2403A029137091127A8D08DF01E4C.cache.html</destination>
      <type>binary</type>
      <uuidstructure>a9f8ad2b-8f4c-11e3-9018-ef51071f34a5</uuidstructure>
      <uuidresource>a9f8fb4c-8f4c-11e3-9018-ef51071f34a5</uuidresource>
      <datelastmodified>Thu, 06 Feb 2014 16:35:18 GMT</datelastmodified>
      <userlastmodified>Admin</userlastmodified>
      <datecreated>Thu, 06 Feb 2014 16:35:18 GMT</datecreated>
      <usercreated>Admin</usercreated>
      <flags>0</flags>
      <properties/>
      <relations/>
      <accesscontrol/>
    </file>
  </files>
</export>
