<?xml version="1.0" encoding="UTF-8"?>

<export>
	<info>
		<creator>Admin</creator>
		<opencms_version>9.0.0</opencms_version>
		<createdate>Mon, 25 Jun 2007 14:18:23 GMT</createdate>
		<infoproject>Offline</infoproject>
		<export_version>7</export_version>
	</info>
	<module>
		<name>org.opencms.workplace.tools.content</name>
		<nicename><![CDATA[OpenCms 9 Content tools]]></nicename>
		<group>OpenCms Workplace</group>
		<class/>
		<description><![CDATA[<p>This module contains the OpenCms administration tools for managing the content of resources.</p>
<p>Install this module if you want to modify file properties or content elements.</p>
<p><i>&copy; 2014 by Alkacon Software GmbH (http://www.alkacon.com).</i></p>]]></description>
		<version>9.0.1</version>
		<authorname><![CDATA[Alkacon Software GmbH]]></authorname>
		<authoremail><![CDATA[info@alkacon.com]]></authoremail>
		<datecreated>Mon, 27 Jun 2005 08:00:00 GMT</datecreated>
		<userinstalled/>
		<dateinstalled/>
		<dependencies>
			<dependency name="org.opencms.workplace.administration" version="9.0.0"/>
			<dependency name="org.opencms.workplace.tools.database" version="9.0.0"/>
		</dependencies>
		<exportpoints>
			<exportpoint uri="/system/modules/org.opencms.workplace.tools.content/lib/" destination="WEB-INF/lib/"/>
		</exportpoints>
		<resources>
			<resource uri="/system/modules/org.opencms.workplace.tools.content/"/>
			<resource uri="/system/workplace/admin/contenttools/change/"/>
			<resource uri="/system/workplace/admin/contenttools/delete/"/>
			<resource uri="/system/workplace/admin/contenttools/languagecopy/"/>
			<resource uri="/system/workplace/admin/contenttools/merge/"/>
			<resource uri="/system/workplace/admin/contenttools/renameelement/"/>
			<resource uri="/system/workplace/admin/contenttools/reports/"/>
			<resource uri="/system/workplace/admin/contenttools/changeelementlocale.jsp"/>
			<resource uri="/system/workplace/admin/contenttools/convertxml.jsp"/>
			<resource uri="/system/workplace/admin/contenttools/tagreplace.jsp"/>
			<resource uri="/system/workplace/admin/contenttools/xmlcontentrepair.jsp"/>
			<resource uri="/system/workplace/admin/contenttools/check/index.jsp"/>
			<resource uri="/system/workplace/admin/contenttools/check/report.jsp"/>
			<resource uri="/system/workplace/admin/contenttools/check/result.jsp"/>
			<resource uri="/system/workplace/admin/contenttools/propertyviewer.jsp"/>
			<resource uri="/system/workplace/admin/contenttools/propertyviewer-list.jsp"/>
			<resource uri="/system/workplace/admin/contenttools/updatexml.jsp"/>
			<resource uri="/system/workplace/admin/contenttools/check/plugin/propertycheck/"/>
			<resource uri="/system/workplace/resources/tools/contenttools/icons/small/"/>
			<resource uri="/system/workplace/resources/tools/contenttools/icons/big/change_elementlocale.png"/>
			<resource uri="/system/workplace/resources/tools/contenttools/icons/big/contentcheck.png"/>
			<resource uri="/system/workplace/resources/tools/contenttools/icons/big/contentcheck_configuration.png"/>
			<resource uri="/system/workplace/resources/tools/contenttools/icons/big/contentcheck_property_configuration.png"/>
			<resource uri="/system/workplace/resources/tools/contenttools/icons/big/contentmerge.png"/>
			<resource uri="/system/workplace/resources/tools/contenttools/icons/big/contentmerge_disabled.png"/>
			<resource uri="/system/workplace/resources/tools/contenttools/icons/big/contenttools.png"/>
			<resource uri="/system/workplace/resources/tools/contenttools/icons/big/contenttools_disabled.png"/>
			<resource uri="/system/workplace/resources/tools/contenttools/icons/big/contenttools_xmlcontent_convert.png"/>
			<resource uri="/system/workplace/resources/tools/contenttools/icons/big/contenttools_xmlcontent_update.png"/>
			<resource uri="/system/workplace/resources/tools/contenttools/icons/big/elements_rename.png"/>
			<resource uri="/system/workplace/resources/tools/contenttools/icons/big/elements_rename_disabled.png"/>
			<resource uri="/system/workplace/resources/tools/contenttools/icons/big/properties_change.png"/>
			<resource uri="/system/workplace/resources/tools/contenttools/icons/big/properties_change_disabled.png"/>
			<resource uri="/system/workplace/resources/tools/contenttools/icons/big/properties_delete.png"/>
			<resource uri="/system/workplace/resources/tools/contenttools/icons/big/properties_delete_disabled.png"/>
			<resource uri="/system/workplace/resources/tools/contenttools/icons/big/repair_xmlcontent.png"/>
			<resource uri="/system/workplace/resources/tools/contenttools/icons/big/replace_html_tag.png"/>
			<resource uri="/system/workplace/resources/tools/contenttools/icons/big/propertyviewer.png"/>
		</resources>
		<parameters/>
	</module>
	<files>
		<file>
			<destination>system</destination>
			<type>folder</type>
			<uuidstructure>0a0c1bea-2325-11dc-8245-53aeb3024788</uuidstructure>
			<datelastmodified>Mon, 27 Mar 2006 12:00:00 GMT</datelastmodified>
			<userlastmodified>Admin</userlastmodified>
			<datecreated>Mon, 25 Jun 2007 14:04:50 GMT</datecreated>
			<usercreated>Admin</usercreated>
			<flags>0</flags>
			<properties/>
			<relations/>
			<accesscontrol/>
		</file>
		<file>
			<destination>system/modules</destination>
			<type>folder</type>
			<uuidstructure>5bf7903e-467d-11dd-be3b-cdc06201ec99</uuidstructure>
			<datelastmodified>Mon, 30 Jun 2008 08:20:11 GMT</datelastmodified>
			<userlastmodified>Admin</userlastmodified>
			<datecreated>Mon, 30 Jun 2008 08:20:11 GMT</datecreated>
			<usercreated>Admin</usercreated>
			<flags>0</flags>
			<properties/>
			<relations/>
			<accesscontrol/>
		</file>
		<file>
			<destination>system/modules/org.opencms.workplace.tools.content</destination>
			<type>folder</type>
			<uuidstructure>593fe1b9-4a09-13df-a4ab-af64097d1d4c</uuidstructure>
			<datelastmodified>Wed, 02 Jul 2008 07:34:46 GMT</datelastmodified>
			<userlastmodified>Admin</userlastmodified>
			<datecreated>Wed, 02 Jul 2008 07:34:46 GMT</datecreated>
			<usercreated>Admin</usercreated>
			<flags>0</flags>
			<properties/>
			<relations/>
			<accesscontrol/>
		</file>
		<file>
			<destination>system/modules/org.opencms.workplace.tools.content/lib</destination>
			<type>folder</type>
			<uuidstructure>51e4bc8b-4819-1afd-a4ab-af64097d1d4c</uuidstructure>
			<datelastmodified>Wed, 02 Jul 2008 07:34:55 GMT</datelastmodified>
			<userlastmodified>Admin</userlastmodified>
			<datecreated>Wed, 02 Jul 2008 07:34:55 GMT</datecreated>
			<usercreated>Admin</usercreated>
			<flags>0</flags>
			<properties/>
			<relations/>
			<accesscontrol/>
		</file>
		<file>
			<source>system/modules/org.opencms.workplace.tools.content/lib/org.opencms.workplace.tools.content.jar</source>
			<destination>system/modules/org.opencms.workplace.tools.content/lib/org.opencms.workplace.tools.content.jar</destination>
			<type>binary</type>
			<uuidstructure>81a0780e-4809-1ddd-a4ab-af64097d1d4c</uuidstructure>
			<uuidresource>80de480f-4809-1edd-a4ab-af64097d1d4c</uuidresource>
			<datelastmodified>Wed, 02 Jul 2008 07:36:00 GMT</datelastmodified>
			<userlastmodified>Admin</userlastmodified>
			<datecreated>Wed, 02 Jul 2008 07:35:54 GMT</datecreated>
			<usercreated>Admin</usercreated>
			<flags>0</flags>
			<properties/>
			<relations/>
			<accesscontrol/>
		</file>
		<file>
			<destination>system/workplace</destination>
			<type>folder</type>
			<uuidstructure>825afce2-11b7-11db-91cd-fdbae480bac9</uuidstructure>
			<datelastmodified>Mon, 27 Mar 2006 12:00:00 GMT</datelastmodified>
			<userlastmodified>Admin</userlastmodified>
			<datecreated>Mon, 27 Jun 2005 08:00:00 GMT</datecreated>
			<usercreated>Admin</usercreated>
			<flags>0</flags>
			<properties>
				<property>
					<name>content-encoding</name>
					<value><![CDATA[UTF-8]]></value>
				</property>
				<property>
					<name>export</name>
					<value><![CDATA[false]]></value>
				</property>
				<property>
					<name>login-form</name>
					<value><![CDATA[/system/login/index.html]]></value>
				</property>
			</properties>
			<relations/>
			<accesscontrol>
				<accessentry>
					<uuidprincipal>ALL_OTHERS</uuidprincipal>
					<flags>134</flags>
					<permissionset>
						<allowed>0</allowed>
						<denied>0</denied>
					</permissionset>
				</accessentry>
				<accessentry>
					<uuidprincipal>ROLE.WORKPLACE_USER</uuidprincipal>
					<flags>518</flags>
					<permissionset>
						<allowed>5</allowed>
						<denied>0</denied>
					</permissionset>
				</accessentry>
			</accesscontrol>
		</file>
		<file>
			<destination>system/workplace/admin</destination>
			<type>folder</type>
			<uuidstructure>825fb7db-11b7-11db-91cd-fdbae480bac9</uuidstructure>
			<datelastmodified>Mon, 27 Mar 2006 12:00:00 GMT</datelastmodified>
			<userlastmodified>Admin</userlastmodified>
			<datecreated>Mon, 27 Jun 2005 08:00:00 GMT</datecreated>
			<usercreated>Admin</usercreated>
			<flags>0</flags>
			<properties>
				<property>
					<name>Title</name>
					<value><![CDATA[Administration View]]></value>
				</property>
				<property>
					<name>cache</name>
					<value><![CDATA[bypass]]></value>
				</property>
			</properties>
			<relations/>
			<accesscontrol/>
		</file>
		<file>
			<destination>system/workplace/admin/contenttools</destination>
			<type>folder</type>
			<uuidstructure>e3b726f5-11b7-11db-91cd-fdbae480bac9</uuidstructure>
			<datelastmodified>Mon, 27 Mar 2006 12:00:00 GMT</datelastmodified>
			<userlastmodified>Admin</userlastmodified>
			<datecreated>Mon, 27 Jun 2005 08:00:00 GMT</datecreated>
			<usercreated>Admin</usercreated>
			<flags>0</flags>
			<properties>
				<property>
					<name>Description</name>
					<value><![CDATA[${key.GUI_CONTENTTOOLS_ADMIN_TOOL_HELP_0}]]></value>
				</property>
				<property>
					<name>NavImage</name>
					<value><![CDATA[tools/contenttools/icons/big/contenttools.png:tools/contenttools/icons/small/contenttools.png]]></value>
				</property>
				<property>
					<name>NavInfo</name>
					<value><![CDATA[${key.GUI_CONTENTTOOLS_ADMIN_TOOL_GROUP_0}]]></value>
				</property>
				<property>
					<name>NavPos</name>
					<value><![CDATA[110.0]]></value>
				</property>
				<property>
					<name>NavText</name>
					<value><![CDATA[${key.GUI_CONTENTTOOLS_ADMIN_TOOL_NAME_0}]]></value>
				</property>
				<property>
					<name>Title</name>
					<value><![CDATA[Content Tools]]></value>
				</property>
				<property>
					<name>admintoolhandler-class</name>
					<value><![CDATA[org.opencms.workplace.tools.content.CmsContentToolHandler]]></value>
				</property>
			</properties>
			<relations/>
			<accesscontrol/>
		</file>
		<file>
			<destination>system/workplace/admin/contenttools/change</destination>
			<type>folder</type>
			<uuidstructure>e3b997fe-11b7-11db-91cd-fdbae480bac9</uuidstructure>
			<datelastmodified>Mon, 27 Mar 2006 12:00:00 GMT</datelastmodified>
			<userlastmodified>Admin</userlastmodified>
			<datecreated>Mon, 27 Jun 2005 08:00:00 GMT</datecreated>
			<usercreated>Admin</usercreated>
			<flags>0</flags>
			<properties>
				<property>
					<name>Description</name>
					<value><![CDATA[${key.GUI_CHANGEELEMENT_CONTENTTOOLS_ADMIN_TOOL_HELP_0}]]></value>
				</property>
				<property>
					<name>NavImage</name>
					<value><![CDATA[tools/contenttools/icons/big/properties_change.png]]></value>
				</property>
				<property>
					<name>NavInfo</name>
					<value><![CDATA[${key.GUI_CHANGEELEMENT_CONTENTTOOLS_ADMIN_TOOL_GROUP_0}]]></value>
				</property>
				<property>
					<name>NavPos</name>
					<value><![CDATA[11.0]]></value>
				</property>
				<property>
					<name>NavText</name>
					<value><![CDATA[${key.GUI_CHANGEELEMENT_CONTENTTOOLS_ADMIN_TOOL_NAME_0}]]></value>
				</property>
				<property>
					<name>Title</name>
					<value><![CDATA[Property Change]]></value>
				</property>
				<property>
					<name>admintoolhandler-class</name>
					<value><![CDATA[org.opencms.workplace.tools.content.CmsPropertyContentToolHandler]]></value>
				</property>
				<property>
					<name>default-file</name>
					<value><![CDATA[index.jsp]]></value>
				</property>
			</properties>
			<relations/>
			<accesscontrol/>
		</file>
		<file>
			<source>system/workplace/admin/contenttools/change/index.jsp</source>
			<destination>system/workplace/admin/contenttools/change/index.jsp</destination>
			<type>jsp</type>
			<uuidstructure>e3be52f7-11b7-11db-91cd-fdbae480bac9</uuidstructure>
			<uuidresource>cb68388f-88c9-11da-9be0-a3838f1b6e98</uuidresource>
			<datelastmodified>Mon, 27 Mar 2006 12:00:00 GMT</datelastmodified>
			<userlastmodified>Admin</userlastmodified>
			<datecreated>Mon, 27 Jun 2005 08:00:00 GMT</datecreated>
			<usercreated>Admin</usercreated>
			<flags>0</flags>
			<properties>
				<property>
					<name>Title</name>
					<value><![CDATA[Dialog - Change property value]]></value>
				</property>
				<property>
					<name>export</name>
					<value><![CDATA[false]]></value>
				</property>
			</properties>
			<relations/>
			<accesscontrol/>
		</file>
		<file>
			<destination>system/workplace/admin/contenttools/check</destination>
			<type>folder</type>
			<uuidstructure>e3be52fc-11b7-11db-91cd-fdbae480bac9</uuidstructure>
			<datelastmodified>Mon, 27 Mar 2006 12:00:00 GMT</datelastmodified>
			<userlastmodified>Admin</userlastmodified>
			<datecreated>Thu, 13 Oct 2005 07:31:28 GMT</datecreated>
			<usercreated>Admin</usercreated>
			<flags>0</flags>
			<properties>
				<property>
					<name>Description</name>
					<value><![CDATA[${key.GUI_CHECKCONTENT_ADMIN_TOOL_HELP_0}]]></value>
				</property>
				<property>
					<name>NavImage</name>
					<value><![CDATA[tools/contenttools/icons/big/contentcheck.png]]></value>
				</property>
				<property>
					<name>NavInfo</name>
					<value><![CDATA[${key.GUI_CHECKCONTENT_ADMIN_TOOL_GROUP_0}]]></value>
				</property>
				<property>
					<name>NavPos</name>
					<value><![CDATA[1.0]]></value>
				</property>
				<property>
					<name>NavText</name>
					<value><![CDATA[${key.GUI_CHECKCONTENT_ADMIN_TOOL_NAME_0}]]></value>
				</property>
				<property>
					<name>Title</name>
					<value><![CDATA[Content Check]]></value>
				</property>
				<property>
					<name>admintoolhandler-class</name>
					<value><![CDATA[org.opencms.workplace.tools.content.CmsPropertyContentToolHandler]]></value>
				</property>
				<property>
					<name>default-file</name>
					<value><![CDATA[index.jsp]]></value>
				</property>
			</properties>
			<relations/>
			<accesscontrol/>
		</file>
		<file>
			<destination>system/workplace/admin/contenttools/check/plugin</destination>
			<type>folder</type>
			<uuidstructure>e3c30df6-11b7-11db-91cd-fdbae480bac9</uuidstructure>
			<datelastmodified>Mon, 27 Mar 2006 12:00:00 GMT</datelastmodified>
			<userlastmodified>Admin</userlastmodified>
			<datecreated>Thu, 13 Oct 2005 09:53:10 GMT</datecreated>
			<usercreated>Admin</usercreated>
			<flags>0</flags>
			<properties>
				<property>
					<name>Description</name>
					<value><![CDATA[${key.GUI_CHECKCONTENT_CONFIGURATION_ADMIN_TOOL_HELP_0}]]></value>
				</property>
				<property>
					<name>NavImage</name>
					<value><![CDATA[tools/contenttools/icons/big/contentcheck_configuration.png]]></value>
				</property>
				<property>
					<name>NavInfo</name>
					<value><![CDATA[${key.GUI_CHECKCONTENT_ADMIN_TOOL_GROUP_0}]]></value>
				</property>
				<property>
					<name>NavPos</name>
					<value><![CDATA[2]]></value>
				</property>
				<property>
					<name>NavText</name>
					<value><![CDATA[${key.GUI_CHECKCONTENT_CONFIGURATION_ADMIN_TOOL_NAME_0}]]></value>
				</property>
				<property>
					<name>Title</name>
					<value><![CDATA[plugins]]></value>
				</property>
				<property>
					<name>admintoolhandler-args</name>
					<value><![CDATA[path:/contenttools/checkconfig]]></value>
				</property>
				<property>
					<name>admintoolhandler-class</name>
					<value><![CDATA[org.opencms.workplace.tools.content.CmsPropertyContentToolHandler]]></value>
				</property>
				<property>
					<name>locale</name>
					<value><![CDATA[en]]></value>
				</property>
				<property>
					<name>locale-available</name>
					<value><![CDATA[en]]></value>
				</property>
			</properties>
			<relations/>
			<accesscontrol/>
		</file>
		<file>
			<destination>system/workplace/admin/contenttools/check/plugin/propertycheck</destination>
			<type>folder</type>
			<uuidstructure>e3c7f002-11b7-11db-91cd-fdbae480bac9</uuidstructure>
			<datelastmodified>Mon, 27 Mar 2006 12:00:00 GMT</datelastmodified>
			<userlastmodified>Admin</userlastmodified>
			<datecreated>Thu, 13 Oct 2005 09:58:08 GMT</datecreated>
			<usercreated>Admin</usercreated>
			<flags>0</flags>
			<properties>
				<property>
					<name>Title</name>
					<value><![CDATA[Property check]]></value>
				</property>
				<property>
					<name>admintoolhandler-class</name>
					<value><![CDATA[org.opencms.workplace.tools.content.check.CmsContentCheckProperty]]></value>
				</property>
			</properties>
			<relations/>
			<accesscontrol/>
		</file>
		<file>
			<source>system/workplace/admin/contenttools/check/plugin/propertycheck/configuration.xml</source>
			<destination>system/workplace/admin/contenttools/check/plugin/propertycheck/configuration.xml</destination>
			<type>xmlcontent</type>
			<uuidstructure>e3d3d6e5-11b7-11db-91cd-fdbae480bac9</uuidstructure>
			<uuidresource>20ec3208-40b1-11da-9001-11c9c0330e35</uuidresource>
			<datelastmodified>Mon, 27 Mar 2006 12:00:00 GMT</datelastmodified>
			<userlastmodified>Admin</userlastmodified>
			<datecreated>Wed, 19 Oct 2005 15:00:46 GMT</datecreated>
			<usercreated>Admin</usercreated>
			<flags>0</flags>
			<properties/>
			<relations/>
			<accesscontrol/>
		</file>
		<file>
			<source>system/workplace/admin/contenttools/check/plugin/propertycheck/property.xsd</source>
			<destination>system/workplace/admin/contenttools/check/plugin/propertycheck/property.xsd</destination>
			<type>plain</type>
			<uuidstructure>e3d3d6e7-11b7-11db-91cd-fdbae480bac9</uuidstructure>
			<uuidresource>cf1110b0-40ae-11da-9001-11c9c0330e35</uuidresource>
			<datelastmodified>Mon, 27 Mar 2006 12:00:00 GMT</datelastmodified>
			<userlastmodified>Admin</userlastmodified>
			<datecreated>Wed, 19 Oct 2005 14:44:10 GMT</datecreated>
			<usercreated>Admin</usercreated>
			<flags>0</flags>
			<properties>
				<property>
					<name>Title</name>
					<value><![CDATA[Schemadefinition for property]]></value>
				</property>
			</properties>
			<relations/>
			<accesscontrol/>
		</file>
		<file>
			<source>system/workplace/admin/contenttools/check/plugin/propertycheck/propertycheck.xsd</source>
			<destination>system/workplace/admin/contenttools/check/plugin/propertycheck/propertycheck.xsd</destination>
			<type>plain</type>
			<uuidstructure>e3d891da-11b7-11db-91cd-fdbae480bac9</uuidstructure>
			<uuidresource>ddf30844-40ae-11da-9001-11c9c0330e35</uuidresource>
			<datelastmodified>Mon, 27 Mar 2006 12:00:00 GMT</datelastmodified>
			<userlastmodified>Admin</userlastmodified>
			<datecreated>Wed, 19 Oct 2005 14:44:35 GMT</datecreated>
			<usercreated>Admin</usercreated>
			<flags>0</flags>
			<properties>
				<property>
					<name>Title</name>
					<value><![CDATA[Schemadefinition for property check]]></value>
				</property>
			</properties>
			<relations/>
			<accesscontrol/>
		</file>
		<file>
			<destination>system/workplace/admin/contenttools/delete</destination>
			<type>folder</type>
			<uuidstructure>e3db02de-11b7-11db-91cd-fdbae480bac9</uuidstructure>
			<datelastmodified>Mon, 27 Mar 2006 12:00:00 GMT</datelastmodified>
			<userlastmodified>Admin</userlastmodified>
			<datecreated>Mon, 27 Jun 2005 08:00:00 GMT</datecreated>
			<usercreated>Admin</usercreated>
			<flags>0</flags>
			<properties>
				<property>
					<name>Description</name>
					<value><![CDATA[${key.GUI_DELETEELEMENT_CONTENTTOOLS_ADMIN_TOOL_HELP_0}]]></value>
				</property>
				<property>
					<name>NavImage</name>
					<value><![CDATA[tools/contenttools/icons/big/properties_delete.png]]></value>
				</property>
				<property>
					<name>NavInfo</name>
					<value><![CDATA[${key.GUI_DELETEELEMENT_CONTENTTOOLS_ADMIN_TOOL_GROUP_0}]]></value>
				</property>
				<property>
					<name>NavPos</name>
					<value><![CDATA[13]]></value>
				</property>
				<property>
					<name>NavText</name>
					<value><![CDATA[${key.GUI_DELETEELEMENT_CONTENTTOOLS_ADMIN_TOOL_NAME_0}]]></value>
				</property>
				<property>
					<name>Title</name>
					<value><![CDATA[Property Delete]]></value>
				</property>
				<property>
					<name>admintoolhandler-class</name>
					<value><![CDATA[org.opencms.workplace.tools.content.CmsElementContentToolHandler]]></value>
				</property>
				<property>
					<name>default-file</name>
					<value><![CDATA[index.jsp]]></value>
				</property>
			</properties>
			<relations/>
			<accesscontrol/>
		</file>
		<file>
			<source>system/workplace/admin/contenttools/delete/index.jsp</source>
			<destination>system/workplace/admin/contenttools/delete/index.jsp</destination>
			<type>jsp</type>
			<uuidstructure>e3f9fc97-11b7-11db-91cd-fdbae480bac9</uuidstructure>
			<uuidresource>cb8843fd-88c9-11da-9be0-a3838f1b6e98</uuidresource>
			<datelastmodified>Mon, 27 Mar 2006 12:00:00 GMT</datelastmodified>
			<userlastmodified>Admin</userlastmodified>
			<datecreated>Mon, 27 Jun 2005 08:00:00 GMT</datecreated>
			<usercreated>Admin</usercreated>
			<flags>0</flags>
			<properties>
				<property>
					<name>Title</name>
					<value><![CDATA[Dialog - Delete property]]></value>
				</property>
				<property>
					<name>export</name>
					<value><![CDATA[false]]></value>
				</property>
			</properties>
			<relations/>
			<accesscontrol/>
		</file>
				<file>
			<destination>system/workplace/admin/contenttools/languagecopy</destination>
			<type>folder</type>
			<uuidstructure>0b077d7a-6d0f-11dd-80eb-b37cfc8f9e4e</uuidstructure>
			<datelastmodified>Tue, 02 Sep 2008 06:53:08 GMT</datelastmodified>
			<userlastmodified>Achim</userlastmodified>
			<datecreated>Mon, 18 Aug 2008 10:18:46 GMT</datecreated>
			<usercreated>Admin</usercreated>
			<flags>0</flags>
			<properties>
				<property>
					<name>Description</name>
					<value><![CDATA[${key.GUI_LANGUAGECOPY_ADMIN_TOOL_HELP_0}]]></value>
				</property>
				<property>
					<name>NavInfo</name>
					<value><![CDATA[${key.GUI_LANGUAGECOPY_ADMIN_TOOL_GROUP_0}]]></value>
				</property>
				<property>
					<name>NavPos</name>
					<value><![CDATA[22]]></value>
				</property>
				<property>
					<name>NavText</name>
					<value><![CDATA[${key.GUI_LANGUAGECOPY_ADMIN_TOOL_NAME_0}]]></value>
				</property>
				<property>
					<name>Title</name>
					<value><![CDATA[Tool for copying XML content language nodes]]></value>
				</property>
				<property>
					<name>admintoolhandler-class</name>
					<value><![CDATA[org.opencms.workplace.tools.CmsOnlyAdminToolHandler]]></value>
				</property>
				<property>
					<name>default-file</name>
					<value><![CDATA[index.jsp]]></value>
				</property>
			</properties>
			<relations/>
			<accesscontrol/>
		</file>
		<file>
			<source>system/workplace/admin/contenttools/languagecopy/index.jsp</source>
			<destination>system/workplace/admin/contenttools/languagecopy/index.jsp</destination>
			<type>jsp</type>
			<uuidstructure>b16695ec-6d0f-11dd-80eb-b37cfc8f9e4e</uuidstructure>
			<uuidresource>b16695ed-6d0f-11dd-80eb-b37cfc8f9e4e</uuidresource>
			<datelastmodified>Thu, 30 Jul 2009 09:39:15 GMT</datelastmodified>
			<userlastmodified>Admin</userlastmodified>
			<datecreated>Mon, 18 Aug 2008 10:23:25 GMT</datecreated>
			<usercreated>Admin</usercreated>
			<flags>0</flags>
			<properties>
				<property type="shared">
					<name>export</name>
					<value><![CDATA[false]]></value>
				</property>
			</properties>
			<relations/>
			<accesscontrol/>
		</file>
		<file>
			<source>system/workplace/admin/contenttools/languagecopy/report.jsp</source>
			<destination>system/workplace/admin/contenttools/languagecopy/report.jsp</destination>
			<type>jsp</type>
			<uuidstructure>d7c28dd5-6f63-11dd-8c2f-b37cfc8f9e4e</uuidstructure>
			<uuidresource>d7c28dd6-6f63-11dd-8c2f-b37cfc8f9e4e</uuidresource>
			<datelastmodified>Fri, 31 Jul 2009 10:54:32 GMT</datelastmodified>
			<userlastmodified>Admin</userlastmodified>
			<datecreated>Thu, 21 Aug 2008 09:30:50 GMT</datecreated>
			<usercreated>Admin</usercreated>
			<flags>0</flags>
			<properties>
				<property>
					<name>Title</name>
					<value><![CDATA[Report for the copy process]]></value>
				</property>
				<property>
					<name>admintoolhandler-args</name>
					<value><![CDATA[params:copyresources=${param.copyresources}&sourcelanguage=${param.sourcelanguage}&targetlanguage=${param.targetlanguage}]]></value>
				</property>
				<property>
					<name>export</name>
					<value><![CDATA[false]]></value>
				</property>
			</properties>
			<relations/>
			<accesscontrol/>
		</file>
		<file>
			<source>system/workplace/admin/contenttools/languagecopy/selectresources.jsp</source>
			<destination>system/workplace/admin/contenttools/languagecopy/selectresources.jsp</destination>
			<type>jsp</type>
			<uuidstructure>b5e991c2-6e13-11dd-9527-b37cfc8f9e4e</uuidstructure>
			<uuidresource>b5e991c3-6e13-11dd-9527-b37cfc8f9e4e</uuidresource>
			<datelastmodified>Thu, 30 Jul 2009 12:12:39 GMT</datelastmodified>
			<userlastmodified>Admin</userlastmodified>
			<datecreated>Tue, 19 Aug 2008 17:24:42 GMT</datecreated>
			<usercreated>Admin</usercreated>
			<flags>0</flags>
			<properties>
				<property>
					<name>admintoolhandler-args</name>
					<value><![CDATA[path:/languagecopy/selectresources|params:paths=${param.paths}&sourcelanguage=${param.sourcelanguage}&targetlanguage=${param.targetlanguage}]]></value>
				</property>
				<property type="shared">
					<name>export</name>
					<value><![CDATA[false]]></value>
				</property>
			</properties>
			<relations/>
			<accesscontrol/>
		</file>
		<file>
			<destination>system/workplace/admin/contenttools/merge</destination>
			<type>folder</type>
			<uuidstructure>e3f9fc9c-11b7-11db-91cd-fdbae480bac9</uuidstructure>
			<datelastmodified>Mon, 27 Mar 2006 12:00:00 GMT</datelastmodified>
			<userlastmodified>Admin</userlastmodified>
			<datecreated>Mon, 27 Jun 2005 08:00:00 GMT</datecreated>
			<usercreated>Admin</usercreated>
			<flags>0</flags>
			<properties>
				<property>
					<name>Description</name>
					<value><![CDATA[${key.GUI_MERGE_CONTENTTOOLS_ADMIN_TOOL_HELP_0}]]></value>
				</property>
				<property>
					<name>NavImage</name>
					<value><![CDATA[tools/contenttools/icons/big/contentmerge.png]]></value>
				</property>
				<property>
					<name>NavInfo</name>
					<value><![CDATA[${key.GUI_MERGE_CONTENTTOOLS_ADMIN_TOOL_GROUP_0}]]></value>
				</property>
				<property>
					<name>NavPos</name>
					<value><![CDATA[32.0]]></value>
				</property>
				<property>
					<name>NavText</name>
					<value><![CDATA[${key.GUI_MERGE_CONTENTTOOLS_ADMIN_TOOL_NAME_0}]]></value>
				</property>
				<property>
					<name>Title</name>
					<value><![CDATA[Merge Pages]]></value>
				</property>
				<property>
					<name>admintoolhandler-class</name>
					<value><![CDATA[org.opencms.workplace.tools.content.CmsElementContentToolHandler]]></value>
				</property>
				<property>
					<name>default-file</name>
					<value><![CDATA[index.jsp]]></value>
				</property>
			</properties>
			<relations/>
			<accesscontrol/>
		</file>
		<file>
			<source>system/workplace/admin/contenttools/merge/index.jsp</source>
			<destination>system/workplace/admin/contenttools/merge/index.jsp</destination>
			<type>jsp</type>
			<uuidstructure>e3feb795-11b7-11db-91cd-fdbae480bac9</uuidstructure>
			<uuidresource>cb8fe52e-88c9-11da-9be0-a3838f1b6e98</uuidresource>
			<datelastmodified>Mon, 27 Mar 2006 12:00:00 GMT</datelastmodified>
			<userlastmodified>Admin</userlastmodified>
			<datecreated>Mon, 27 Jun 2005 08:00:00 GMT</datecreated>
			<usercreated>Admin</usercreated>
			<flags>0</flags>
			<properties>
				<property type="shared">
					<name>export</name>
					<value><![CDATA[false]]></value>
				</property>
			</properties>
			<relations/>
			<accesscontrol/>
		</file>
		<file>
			<destination>system/workplace/admin/contenttools/renameelement</destination>
			<type>folder</type>
			<uuidstructure>e4012899-11b7-11db-91cd-fdbae480bac9</uuidstructure>
			<datelastmodified>Mon, 27 Mar 2006 12:00:00 GMT</datelastmodified>
			<userlastmodified>Admin</userlastmodified>
			<datecreated>Mon, 27 Jun 2005 08:00:00 GMT</datecreated>
			<usercreated>Admin</usercreated>
			<flags>0</flags>
			<properties>
				<property>
					<name>Description</name>
					<value><![CDATA[${key.GUI_RENAMEELEMENT_CONTENTTOOLS_ADMIN_TOOL_HELP_0}]]></value>
				</property>
				<property>
					<name>NavImage</name>
					<value><![CDATA[tools/contenttools/icons/big/elements_rename.png]]></value>
				</property>
				<property>
					<name>NavInfo</name>
					<value><![CDATA[${key.GUI_RENAMEELEMENT_CONTENTTOOLS_ADMIN_TOOL_GROUP_0}]]></value>
				</property>
				<property>
					<name>NavPos</name>
					<value><![CDATA[31.0]]></value>
				</property>
				<property>
					<name>NavText</name>
					<value><![CDATA[${key.GUI_RENAMEELEMENT_CONTENTTOOLS_ADMIN_TOOL_NAME_0}]]></value>
				</property>
				<property>
					<name>Title</name>
					<value><![CDATA[Rename Element]]></value>
				</property>
				<property>
					<name>admintoolhandler-class</name>
					<value><![CDATA[org.opencms.workplace.tools.content.CmsElementContentToolHandler]]></value>
				</property>
				<property>
					<name>default-file</name>
					<value><![CDATA[index.jsp]]></value>
				</property>
			</properties>
			<relations/>
			<accesscontrol/>
		</file>
		<file>
			<source>system/workplace/admin/contenttools/renameelement/index.jsp</source>
			<destination>system/workplace/admin/contenttools/renameelement/index.jsp</destination>
			<type>jsp</type>
			<uuidstructure>e405e392-11b7-11db-91cd-fdbae480bac9</uuidstructure>
			<uuidresource>cb9626ce-88c9-11da-9be0-a3838f1b6e98</uuidresource>
			<datelastmodified>Mon, 27 Mar 2006 12:00:00 GMT</datelastmodified>
			<userlastmodified>Admin</userlastmodified>
			<datecreated>Mon, 27 Jun 2005 08:00:00 GMT</datecreated>
			<usercreated>Admin</usercreated>
			<flags>0</flags>
			<properties>
				<property type="shared">
					<name>export</name>
					<value><![CDATA[false]]></value>
				</property>
			</properties>
			<relations/>
			<accesscontrol/>
		</file>
		<file>
			<destination>system/workplace/admin/contenttools/reports</destination>
			<type>folder</type>
			<uuidstructure>e4085496-11b7-11db-91cd-fdbae480bac9</uuidstructure>
			<datelastmodified>Mon, 27 Mar 2006 12:00:00 GMT</datelastmodified>
			<userlastmodified>Admin</userlastmodified>
			<datecreated>Mon, 27 Jun 2005 08:00:00 GMT</datecreated>
			<usercreated>Admin</usercreated>
			<flags>0</flags>
			<properties>
				<property>
					<name>Title</name>
					<value><![CDATA[Reports]]></value>
				</property>
			</properties>
			<relations/>
			<accesscontrol/>
		</file>
		<file>
			<source>system/workplace/admin/contenttools/reports/changelocale.jsp</source>
			<destination>system/workplace/admin/contenttools/reports/changelocale.jsp</destination>
			<type>jsp</type>
			<uuidstructure>e40a9e88-11b7-11db-91cd-fdbae480bac9</uuidstructure>
			<uuidresource>7573088b-001f-11da-8023-6b865d00f841</uuidresource>
			<datelastmodified>Mon, 27 Mar 2006 12:00:00 GMT</datelastmodified>
			<userlastmodified>Admin</userlastmodified>
			<datecreated>Mon, 27 Jun 2005 08:00:00 GMT</datecreated>
			<usercreated>Admin</usercreated>
			<flags>0</flags>
			<properties>
				<property>
					<name>Title</name>
					<value><![CDATA[Report for changing element Locales]]></value>
				</property>
				<property>
					<name>export</name>
					<value><![CDATA[false]]></value>
				</property>
			</properties>
			<relations/>
			<accesscontrol/>
		</file>
		<file>
			<source>system/workplace/admin/contenttools/reports/convertxml.jsp</source>
			<destination>system/workplace/admin/contenttools/reports/convertxml.jsp</destination>
			<type>jsp</type>
			<uuidstructure>4037e022-cb62-11dd-9f04-5fc9fa232cc8</uuidstructure>
			<uuidresource>4037e023-cb62-11dd-9f04-5fc9fa232cc8</uuidresource>
			<datelastmodified>Mon, 27 Mar 2006 12:00:00 GMT</datelastmodified>
			<userlastmodified>Admin</userlastmodified>
			<datecreated>Tue, 16 Dec 2008 11:11:13 GMT</datecreated>
			<usercreated>Admin</usercreated>
			<flags>0</flags>
			<properties>
				<property>
					<name>Title</name>
					<value><![CDATA[Report for replacing HTML tags]]></value>
				</property>
				<property>
					<name>export</name>
					<value><![CDATA[false]]></value>
				</property>
			</properties>
			<relations/>
			<accesscontrol/>
		</file>
		<file>
			<source>system/workplace/admin/contenttools/reports/tagreplace.jsp</source>
			<destination>system/workplace/admin/contenttools/reports/tagreplace.jsp</destination>
			<type>jsp</type>
			<uuidstructure>e40d0f8c-11b7-11db-91cd-fdbae480bac9</uuidstructure>
			<uuidresource>91eaf6f3-88d4-11da-bc09-a3838f1b6e98</uuidresource>
			<datelastmodified>Mon, 27 Mar 2006 12:00:00 GMT</datelastmodified>
			<userlastmodified>Admin</userlastmodified>
			<datecreated>Thu, 19 Jan 2006 10:15:52 GMT</datecreated>
			<usercreated>Admin</usercreated>
			<flags>0</flags>
			<properties>
				<property>
					<name>Title</name>
					<value><![CDATA[Report for replacing HTML tags]]></value>
				</property>
				<property>
					<name>export</name>
					<value><![CDATA[false]]></value>
				</property>
			</properties>
			<relations/>
			<accesscontrol/>
		</file>
		<file>
			<source>system/workplace/admin/contenttools/reports/updatexml.jsp</source>
			<destination>system/workplace/admin/contenttools/reports/updatexml.jsp</destination>
			<type>jsp</type>
			<uuidstructure>961fa162-98b2-11df-8a19-00144f45afea</uuidstructure>
			<uuidresource>961fa163-98b2-11df-8a19-00144f45afea</uuidresource>
			<datelastmodified>Mon, 26 Jul 2010 12:39:46 GMT</datelastmodified>
			<userlastmodified>Admin</userlastmodified>
			<datecreated>Mon, 26 Jul 2010 12:37:43 GMT</datecreated>
			<usercreated>Admin</usercreated>
			<flags>0</flags>
			<properties>
				<property>
					<name>Title</name>
					<value><![CDATA[Report for updating Xml contents]]></value>
				</property>
				<property>
					<name>export</name>
					<value><![CDATA[false]]></value>
				</property>
			</properties>
			<relations/>
			<accesscontrol/>
		</file>
		<file>
			<source>system/workplace/admin/contenttools/reports/xmlcontentrepair.jsp</source>
			<destination>system/workplace/admin/contenttools/reports/xmlcontentrepair.jsp</destination>
			<type>jsp</type>
			<uuidstructure>e40d0f90-11b7-11db-91cd-fdbae480bac9</uuidstructure>
			<uuidresource>3f5e698d-c87d-11da-924c-67a780d231ee</uuidresource>
			<datelastmodified>Mon, 10 Apr 2006 10:32:34 GMT</datelastmodified>
			<userlastmodified>Admin</userlastmodified>
			<datecreated>Mon, 10 Apr 2006 10:32:02 GMT</datecreated>
			<usercreated>Admin</usercreated>
			<flags>0</flags>
			<properties>
				<property>
					<name>Title</name>
					<value><![CDATA[Report for repairing XML contents]]></value>
				</property>
				<property>
					<name>export</name>
					<value><![CDATA[false]]></value>
				</property>
			</properties>
			<relations/>
			<accesscontrol/>
		</file>
		<file>
			<destination>system/workplace/resources</destination>
			<type>folder</type>
			<uuidstructure>82c16052-11b7-11db-91cd-fdbae480bac9</uuidstructure>
			<datelastmodified>Mon, 27 Mar 2006 12:00:00 GMT</datelastmodified>
			<userlastmodified>Admin</userlastmodified>
			<datecreated>Mon, 27 Jun 2005 08:00:00 GMT</datecreated>
			<usercreated>Admin</usercreated>
			<flags>0</flags>
			<properties/>
			<relations/>
			<accesscontrol/>
		</file>
		<file>
			<destination>system/workplace/resources/tools</destination>
			<type>folder</type>
			<uuidstructure>c3a8d33c-11b7-11db-91cd-fdbae480bac9</uuidstructure>
			<datelastmodified>Mon, 27 Mar 2006 12:00:00 GMT</datelastmodified>
			<userlastmodified>Admin</userlastmodified>
			<datecreated>Mon, 27 Jun 2005 08:00:00 GMT</datecreated>
			<usercreated>Admin</usercreated>
			<flags>0</flags>
			<properties/>
			<relations/>
			<accesscontrol/>
		</file>
		<file>
			<destination>system/workplace/resources/tools/contenttools</destination>
			<type>folder</type>
			<uuidstructure>e4bd73d7-11b7-11db-91cd-fdbae480bac9</uuidstructure>
			<datelastmodified>Mon, 27 Mar 2006 12:00:00 GMT</datelastmodified>
			<userlastmodified>Admin</userlastmodified>
			<datecreated>Mon, 27 Jun 2005 08:00:00 GMT</datecreated>
			<usercreated>Admin</usercreated>
			<flags>0</flags>
			<properties/>
			<relations/>
			<accesscontrol/>
		</file>
		<file>
			<destination>system/workplace/resources/tools/contenttools/icons</destination>
			<type>folder</type>
			<uuidstructure>e4c22ec9-11b7-11db-91cd-fdbae480bac9</uuidstructure>
			<datelastmodified>Mon, 27 Mar 2006 12:00:00 GMT</datelastmodified>
			<userlastmodified>Admin</userlastmodified>
			<datecreated>Mon, 27 Jun 2005 08:00:00 GMT</datecreated>
			<usercreated>Admin</usercreated>
			<flags>0</flags>
			<properties/>
			<relations/>
			<accesscontrol/>
		</file>
		<file>
			<destination>system/workplace/resources/tools/contenttools/icons/small</destination>
			<type>folder</type>
			<uuidstructure>e4c49fcb-11b7-11db-91cd-fdbae480bac9</uuidstructure>
			<datelastmodified>Mon, 27 Mar 2006 12:00:00 GMT</datelastmodified>
			<userlastmodified>Admin</userlastmodified>
			<datecreated>Mon, 27 Jun 2005 08:00:00 GMT</datecreated>
			<usercreated>Admin</usercreated>
			<flags>0</flags>
			<properties/>
			<relations/>
			<accesscontrol/>
		</file>
		<file>
			<source>system/workplace/resources/tools/contenttools/icons/small/contenttools.png</source>
			<destination>system/workplace/resources/tools/contenttools/icons/small/contenttools.png</destination>
			<type>image</type>
			<uuidstructure>e4c710cc-11b7-11db-91cd-fdbae480bac9</uuidstructure>
			<uuidresource>cbd63d66-88c9-11da-9be0-a3838f1b6e98</uuidresource>
			<datelastmodified>Mon, 27 Mar 2006 12:00:00 GMT</datelastmodified>
			<userlastmodified>Admin</userlastmodified>
			<datecreated>Mon, 27 Jun 2005 08:00:00 GMT</datecreated>
			<usercreated>Admin</usercreated>
			<flags>0</flags>
			<properties>
				<property type="shared">
					<name>image.size</name>
					<value><![CDATA[w:20,h:20]]></value>
				</property>
			</properties>
			<relations/>
			<accesscontrol/>
		</file>
		<file>
			<source>system/workplace/resources/tools/contenttools/icons/small/contenttools_disabled.png</source>
			<destination>system/workplace/resources/tools/contenttools/icons/small/contenttools_disabled.png</destination>
			<type>image</type>
			<uuidstructure>e4ce15af-11b7-11db-91cd-fdbae480bac9</uuidstructure>
			<uuidresource>a06e9eef-e626-11d9-9a19-632613cc8395</uuidresource>
			<datelastmodified>Mon, 27 Mar 2006 12:00:00 GMT</datelastmodified>
			<userlastmodified>Admin</userlastmodified>
			<datecreated>Mon, 27 Jun 2005 08:00:00 GMT</datecreated>
			<usercreated>Admin</usercreated>
			<flags>0</flags>
			<properties>
				<property type="shared">
					<name>image.size</name>
					<value><![CDATA[w:20,h:20]]></value>
				</property>
			</properties>
			<relations/>
			<accesscontrol/>
		</file>
		<file>
			<source>system/workplace/admin/contenttools/changeelementlocale.jsp</source>
			<destination>system/workplace/admin/contenttools/changeelementlocale.jsp</destination>
			<type>jsp</type>
			<uuidstructure>e4d2f7b2-11b7-11db-91cd-fdbae480bac9</uuidstructure>
			<uuidresource>cbf4b59f-001b-11da-b47b-6b865d00f841</uuidresource>
			<datelastmodified>Mon, 27 Mar 2006 12:00:00 GMT</datelastmodified>
			<userlastmodified>Admin</userlastmodified>
			<datecreated>Mon, 27 Jun 2005 08:00:00 GMT</datecreated>
			<usercreated>Admin</usercreated>
			<flags>0</flags>
			<properties>
				<property>
					<name>Description</name>
					<value><![CDATA[${key.GUI_CHANGEELEMENTLOCALE_ADMIN_TOOL_HELP_0}]]></value>
				</property>
				<property>
					<name>NavImage</name>
					<value><![CDATA[tools/contenttools/icons/big/change_elementlocale.png]]></value>
				</property>
				<property>
					<name>NavInfo</name>
					<value><![CDATA[${key.GUI_CHANGEELEMENTLOCALE_ADMIN_TOOL_GROUP_0}]]></value>
				</property>
				<property>
					<name>NavPos</name>
					<value><![CDATA[33.0]]></value>
				</property>
				<property>
					<name>NavText</name>
					<value><![CDATA[${key.GUI_CHANGEELEMENTLOCALE_ADMIN_TOOL_NAME_0}]]></value>
				</property>
				<property>
					<name>Title</name>
					<value><![CDATA[Change element locale]]></value>
				</property>
				<property>
					<name>admintoolhandler-args</name>
					<value><![CDATA[path:/contenttools/changeelementlocale]]></value>
				</property>
				<property>
					<name>admintoolhandler-class</name>
					<value><![CDATA[org.opencms.workplace.tools.content.CmsElementContentToolHandler]]></value>
				</property>
				<property>
					<name>export</name>
					<value><![CDATA[false]]></value>
				</property>
			</properties>
			<relations/>
			<accesscontrol/>
		</file>
		<file>
			<source>system/workplace/admin/contenttools/check/index.jsp</source>
			<destination>system/workplace/admin/contenttools/check/index.jsp</destination>
			<type>jsp</type>
			<uuidstructure>e4da23ad-11b7-11db-91cd-fdbae480bac9</uuidstructure>
			<uuidresource>5ed6f649-3bbb-11da-9820-11c9c0330e35</uuidresource>
			<datelastmodified>Mon, 27 Mar 2006 12:00:00 GMT</datelastmodified>
			<userlastmodified>Admin</userlastmodified>
			<datecreated>Thu, 13 Oct 2005 07:31:29 GMT</datecreated>
			<usercreated>Admin</usercreated>
			<flags>0</flags>
			<properties>
				<property>
					<name>Title</name>
					<value><![CDATA[Content Check dialog]]></value>
				</property>
				<property>
					<name>export</name>
					<value><![CDATA[false]]></value>
				</property>
			</properties>
			<relations/>
			<accesscontrol/>
		</file>
		<file>
			<source>system/workplace/admin/contenttools/check/report.jsp</source>
			<destination>system/workplace/admin/contenttools/check/report.jsp</destination>
			<type>jsp</type>
			<uuidstructure>e4dedea1-11b7-11db-91cd-fdbae480bac9</uuidstructure>
			<uuidresource>c768a5b6-3ca7-11da-b888-11c9c0330e35</uuidresource>
			<datelastmodified>Mon, 27 Mar 2006 12:00:00 GMT</datelastmodified>
			<userlastmodified>Admin</userlastmodified>
			<datecreated>Fri, 14 Oct 2005 11:43:46 GMT</datecreated>
			<usercreated>Admin</usercreated>
			<flags>0</flags>
			<properties>
				<property>
					<name>Title</name>
					<value><![CDATA[Content Check report]]></value>
				</property>
				<property>
					<name>export</name>
					<value><![CDATA[false]]></value>
				</property>
			</properties>
			<relations/>
			<accesscontrol/>
		</file>
		<file>
			<source>system/workplace/admin/contenttools/check/result.jsp</source>
			<destination>system/workplace/admin/contenttools/check/result.jsp</destination>
			<type>jsp</type>
			<uuidstructure>e4e12895-11b7-11db-91cd-fdbae480bac9</uuidstructure>
			<uuidresource>e36b1b1a-3ede-11da-89c6-11c9c0330e35</uuidresource>
			<datelastmodified>Mon, 27 Mar 2006 12:00:00 GMT</datelastmodified>
			<userlastmodified>Admin</userlastmodified>
			<datecreated>Mon, 17 Oct 2005 07:23:17 GMT</datecreated>
			<usercreated>Admin</usercreated>
			<flags>0</flags>
			<properties>
				<property>
					<name>Description</name>
					<value><![CDATA[${key.GUI_CHECKCONTENT_RESULT_ADMIN_TOOL_HELP_0}]]></value>
				</property>
				<property>
					<name>NavInfo</name>
					<value><![CDATA[${key.GUI_CHECKCONTENT_RESULT_ADMIN_TOOL_GROUP_0}]]></value>
				</property>
				<property>
					<name>NavPos</name>
					<value><![CDATA[1]]></value>
				</property>
				<property>
					<name>NavText</name>
					<value><![CDATA[${key.GUI_CHECKCONTENT_RESULT_ADMIN_TOOL_NAME_0}]]></value>
				</property>
				<property>
					<name>Title</name>
					<value><![CDATA[Content Check result]]></value>
				</property>
				<property>
					<name>admintoolhandler-args</name>
					<value><![CDATA[params:action=initial|path:/contenttools/check/result]]></value>
				</property>
				<property>
					<name>admintoolhandler-class</name>
					<value><![CDATA[org.opencms.workplace.tools.CmsInvisibleToolHandler]]></value>
				</property>
				<property>
					<name>export</name>
					<value><![CDATA[false]]></value>
				</property>
			</properties>
			<relations/>
			<accesscontrol/>
		</file>
		<file>
			<source>system/workplace/admin/contenttools/convertxml.jsp</source>
			<destination>system/workplace/admin/contenttools/convertxml.jsp</destination>
			<type>jsp</type>
			<uuidstructure>3455baf9-cb62-11dd-9f04-5fc9fa232cc8</uuidstructure>
			<uuidresource>3455bafa-cb62-11dd-9f04-5fc9fa232cc8</uuidresource>
			<datelastmodified>Tue, 16 Dec 2008 15:02:48 GMT</datelastmodified>
			<userlastmodified>Admin</userlastmodified>
			<datecreated>Tue, 16 Dec 2008 11:10:53 GMT</datecreated>
			<usercreated>Admin</usercreated>
			<flags>0</flags>
			<properties>
				<property>
					<name>Description</name>
					<value><![CDATA[${key.GUI_CONVERTXML_ADMIN_TOOL_HELP_0}]]></value>
				</property>
				<property>
					<name>NavImage</name>
					<value><![CDATA[tools/contenttools/icons/big/contenttools_xmlcontent_convert.png]]></value>
				</property>
				<property>
					<name>NavInfo</name>
					<value><![CDATA[${key.GUI_CONVERTXML_ADMIN_TOOL_GROUP_0}]]></value>
				</property>
				<property>
					<name>NavPos</name>
					<value><![CDATA[24]]></value>
				</property>
				<property>
					<name>NavText</name>
					<value><![CDATA[${key.GUI_CONVERTXML_ADMIN_TOOL_NAME_0}]]></value>
				</property>
				<property>
					<name>Title</name>
					<value><![CDATA[Convert XML contents]]></value>
				</property>
				<property>
					<name>admintoolhandler-args</name>
					<value><![CDATA[path:/contenttools/convertxml]]></value>
				</property>
				<property>
					<name>admintoolhandler-class</name>
					<value><![CDATA[org.opencms.workplace.tools.content.CmsElementContentToolHandler]]></value>
				</property>
				<property>
					<name>export</name>
					<value><![CDATA[false]]></value>
				</property>
			</properties>
			<relations/>
			<accesscontrol/>
		</file>
		<file>
			<source>system/workplace/admin/contenttools/propertyviewer-list.jsp</source>
			<destination>system/workplace/admin/contenttools/propertyviewer-list.jsp</destination>
			<type>jsp</type>
			<uuidstructure>467c3a16-1f98-11de-89da-03821fc5d684</uuidstructure>
			<uuidresource>467c3a17-1f98-11de-89da-03821fc5d684</uuidresource>
			<datelastmodified>Thu, 02 Apr 2009 15:39:19 GMT</datelastmodified>
			<userlastmodified>Admin</userlastmodified>
			<datecreated>Thu, 02 Apr 2009 15:09:34 GMT</datecreated>
			<usercreated>Admin</usercreated>
			<flags>0</flags>
			<properties>
				<property>
					<name>Title</name>
					<value><![CDATA[View properties: list]]></value>
				</property>
				<property>
					<name>admintoolhandler-args</name>
					<value><![CDATA[path:/contenttools/propertyviewer-list|params:paths=${param.paths}&props=${param.props}&showSiblings=${param.siblings}]]></value>
				</property>
				<property>
					<name>admintoolhandler-class</name>
					<value><![CDATA[org.opencms.workplace.tools.CmsInvisibleToolHandler]]></value>
				</property>
				<property type="shared">
					<name>export</name>
					<value><![CDATA[false]]></value>
				</property>
			</properties>
			<relations/>
			<accesscontrol/>
		</file>
		<file>
			<source>system/workplace/admin/contenttools/propertyviewer.jsp</source>
			<destination>system/workplace/admin/contenttools/propertyviewer.jsp</destination>
			<type>jsp</type>
			<uuidstructure>39fae9e5-1f60-11de-99b5-03821fc5d684</uuidstructure>
			<uuidresource>39fae9e6-1f60-11de-99b5-03821fc5d684</uuidresource>
			<datelastmodified>Thu, 02 Apr 2009 15:12:09 GMT</datelastmodified>
			<userlastmodified>Admin</userlastmodified>
			<datecreated>Thu, 02 Apr 2009 08:28:21 GMT</datecreated>
			<usercreated>Admin</usercreated>
			<flags>0</flags>
			<properties>
				<property>
					<name>Description</name>
					<value><![CDATA[${key.GUI_PROPERTYVIEW_ADMIN_TOOL_HELP_0}]]></value>
				</property>
				<property>
					<name>NavImage</name>
					<value><![CDATA[tools/contenttools/icons/big/propertyviewer.png]]></value>
				</property>
				<property>
					<name>NavInfo</name>
					<value><![CDATA[${key.GUI_PROPERTYVIEW_ADMIN_TOOL_GROUP_0}]]></value>
				</property>
				<property>
					<name>NavPos</name>
					<value><![CDATA[12.0]]></value>
				</property>
				<property>
					<name>NavText</name>
					<value><![CDATA[${key.GUI_PROPERTYVIEW_ADMIN_TOOL_NAME_0}]]></value>
				</property>
				<property>
					<name>Title</name>
					<value><![CDATA[View properties: select folder and properties]]></value>
				</property>
				<property>
					<name>admintoolhandler-args</name>
					<value><![CDATA[path:/contenttools/propertyviewer]]></value>
				</property>
				<property>
					<name>admintoolhandler-class</name>
					<value><![CDATA[org.opencms.workplace.tools.content.CmsElementContentToolHandler]]></value>
				</property>
				<property>
					<name>export</name>
					<value><![CDATA[false]]></value>
				</property>
			</properties>
			<relations/>
			<accesscontrol/>
		</file>
		<file>
			<source>system/workplace/admin/contenttools/tagreplace.jsp</source>
			<destination>system/workplace/admin/contenttools/tagreplace.jsp</destination>
			<type>jsp</type>
			<uuidstructure>e4e8548f-11b7-11db-91cd-fdbae480bac9</uuidstructure>
			<uuidresource>fc110625-88d0-11da-ad24-a3838f1b6e98</uuidresource>
			<datelastmodified>Mon, 27 Mar 2006 12:00:00 GMT</datelastmodified>
			<userlastmodified>Admin</userlastmodified>
			<datecreated>Thu, 19 Jan 2006 09:50:12 GMT</datecreated>
			<usercreated>Admin</usercreated>
			<flags>0</flags>
			<properties>
				<property>
					<name>Description</name>
					<value><![CDATA[${key.GUI_TAGREPLACE_ADMIN_TOOL_HELP_0}]]></value>
				</property>
				<property>
					<name>NavImage</name>
					<value><![CDATA[tools/contenttools/icons/big/replace_html_tag.png]]></value>
				</property>
				<property>
					<name>NavInfo</name>
					<value><![CDATA[${key.GUI_TAGREPLACE_ADMIN_TOOL_GROUP_0}]]></value>
				</property>
				<property>
					<name>NavPos</name>
					<value><![CDATA[34.0]]></value>
				</property>
				<property>
					<name>NavText</name>
					<value><![CDATA[${key.GUI_TAGREPLACE_ADMIN_TOOL_NAME_0}]]></value>
				</property>
				<property>
					<name>Title</name>
					<value><![CDATA[Replace HTML Tags]]></value>
				</property>
				<property>
					<name>admintoolhandler-args</name>
					<value><![CDATA[path:/contenttools/tagreplace]]></value>
				</property>
				<property>
					<name>admintoolhandler-class</name>
					<value><![CDATA[org.opencms.workplace.tools.content.CmsElementContentToolHandler]]></value>
				</property>
				<property>
					<name>export</name>
					<value><![CDATA[false]]></value>
				</property>
			</properties>
			<relations/>
			<accesscontrol/>
		</file>
		<file>
			<source>system/workplace/admin/contenttools/updatexml.jsp</source>
			<destination>system/workplace/admin/contenttools/updatexml.jsp</destination>
			<type>jsp</type>
			<uuidstructure>06811ea9-98b2-11df-8a19-00144f45afea</uuidstructure>
			<uuidresource>06811eaa-98b2-11df-8a19-00144f45afea</uuidresource>
			<datelastmodified>Mon, 26 Jul 2010 12:37:29 GMT</datelastmodified>
			<userlastmodified>Admin</userlastmodified>
			<datecreated>Mon, 26 Jul 2010 12:33:42 GMT</datecreated>
			<usercreated>Admin</usercreated>
			<flags>0</flags>
			<properties>
				<property>
					<name>Description</name>
					<value><![CDATA[${key.GUI_UPDATEXML_ADMIN_TOOL_HELP_0}]]></value>
				</property>
				<property>
					<name>NavImage</name>
					<value><![CDATA[tools/contenttools/icons/big/contenttools_xmlcontent_update.png]]></value>
				</property>
				<property>
					<name>NavInfo</name>
					<value><![CDATA[${key.GUI_UPDATEXML_ADMIN_TOOL_GROUP_0}]]></value>
				</property>
				<property>
					<name>NavPos</name>
					<value><![CDATA[25]]></value>
				</property>
				<property>
					<name>NavText</name>
					<value><![CDATA[${key.GUI_UPDATEXML_ADMIN_TOOL_NAME_0}]]></value>
				</property>
				<property>
					<name>Title</name>
					<value><![CDATA[Update XML contents]]></value>
				</property>
				<property>
					<name>admintoolhandler-args</name>
					<value><![CDATA[path:/contenttools/updatexml]]></value>
				</property>
				<property>
					<name>admintoolhandler-class</name>
					<value><![CDATA[org.opencms.workplace.tools.content.CmsElementContentToolHandler]]></value>
				</property>
				<property>
					<name>export</name>
					<value><![CDATA[false]]></value>
				</property>
			</properties>
			<relations/>
			<accesscontrol/>
		</file>
		<file>
			<source>system/workplace/admin/contenttools/xmlcontentrepair.jsp</source>
			<destination>system/workplace/admin/contenttools/xmlcontentrepair.jsp</destination>
			<type>jsp</type>
			<uuidstructure>e4ed369a-11b7-11db-91cd-fdbae480bac9</uuidstructure>
			<uuidresource>9b850720-c87b-11da-924c-67a780d231ee</uuidresource>
			<datelastmodified>Mon, 10 Apr 2006 10:31:40 GMT</datelastmodified>
			<userlastmodified>Admin</userlastmodified>
			<datecreated>Mon, 10 Apr 2006 10:20:17 GMT</datecreated>
			<usercreated>Admin</usercreated>
			<flags>0</flags>
			<properties>
				<property>
					<name>Description</name>
					<value><![CDATA[${key.GUI_XMLCONTENTREPAIR_ADMIN_TOOL_HELP_0}]]></value>
				</property>
				<property>
					<name>NavImage</name>
					<value><![CDATA[tools/contenttools/icons/big/repair_xmlcontent.png]]></value>
				</property>
				<property>
					<name>NavInfo</name>
					<value><![CDATA[${key.GUI_XMLCONTENTREPAIR_ADMIN_TOOL_GROUP_0}]]></value>
				</property>
				<property>
					<name>NavPos</name>
					<value><![CDATA[21]]></value>
				</property>
				<property>
					<name>NavText</name>
					<value><![CDATA[${key.GUI_XMLCONTENTREPAIR_ADMIN_TOOL_NAME_0}]]></value>
				</property>
				<property>
					<name>Title</name>
					<value><![CDATA[Repair XML contents]]></value>
				</property>
				<property>
					<name>admintoolhandler-args</name>
					<value><![CDATA[path:/contenttools/xmlcontentrepair]]></value>
				</property>
				<property>
					<name>admintoolhandler-class</name>
					<value><![CDATA[org.opencms.workplace.tools.content.CmsElementContentToolHandler]]></value>
				</property>
				<property>
					<name>export</name>
					<value><![CDATA[false]]></value>
				</property>
			</properties>
			<relations/>
			<accesscontrol/>
		</file>
		<file>
			<destination>system/workplace/resources/tools/contenttools/icons/big</destination>
			<type>folder</type>
			<uuidstructure>e4ef8096-11b7-11db-91cd-fdbae480bac9</uuidstructure>
			<datelastmodified>Mon, 27 Mar 2006 12:00:00 GMT</datelastmodified>
			<userlastmodified>Admin</userlastmodified>
			<datecreated>Mon, 27 Jun 2005 08:00:00 GMT</datecreated>
			<usercreated>Admin</usercreated>
			<flags>0</flags>
			<properties/>
			<relations/>
			<accesscontrol/>
		</file>
		<file>
			<source>system/workplace/resources/tools/contenttools/icons/big/change_elementlocale.png</source>
			<destination>system/workplace/resources/tools/contenttools/icons/big/change_elementlocale.png</destination>
			<type>image</type>
			<uuidstructure>e4f1f197-11b7-11db-91cd-fdbae480bac9</uuidstructure>
			<uuidresource>60db316a-0042-11da-aff4-6b865d00f841</uuidresource>
			<datelastmodified>Mon, 27 Mar 2006 12:00:00 GMT</datelastmodified>
			<userlastmodified>Admin</userlastmodified>
			<datecreated>Mon, 27 Jun 2005 08:00:00 GMT</datecreated>
			<usercreated>Admin</usercreated>
			<flags>0</flags>
			<properties>
				<property type="shared">
					<name>image.size</name>
					<value><![CDATA[w:32,h:32]]></value>
				</property>
			</properties>
			<relations/>
			<accesscontrol/>
		</file>
		<file>
			<source>system/workplace/resources/tools/contenttools/icons/big/contentcheck.png</source>
			<destination>system/workplace/resources/tools/contenttools/icons/big/contentcheck.png</destination>
			<type>image</type>
			<uuidstructure>e4f6ac8a-11b7-11db-91cd-fdbae480bac9</uuidstructure>
			<uuidresource>aba7b246-3bbe-11da-96e4-11c9c0330e35</uuidresource>
			<datelastmodified>Mon, 27 Mar 2006 12:00:00 GMT</datelastmodified>
			<userlastmodified>Admin</userlastmodified>
			<datecreated>Thu, 13 Oct 2005 07:55:07 GMT</datecreated>
			<usercreated>Admin</usercreated>
			<flags>0</flags>
			<properties>
				<property type="shared">
					<name>image.size</name>
					<value><![CDATA[w:32,h:32]]></value>
				</property>
			</properties>
			<relations/>
			<accesscontrol/>
		</file>
		<file>
			<source>system/workplace/resources/tools/contenttools/icons/big/contentcheck_configuration.png</source>
			<destination>system/workplace/resources/tools/contenttools/icons/big/contentcheck_configuration.png</destination>
			<type>image</type>
			<uuidstructure>e4f91d8d-11b7-11db-91cd-fdbae480bac9</uuidstructure>
			<uuidresource>0bc3cecd-4241-11da-96ef-11c9c0330e35</uuidresource>
			<datelastmodified>Mon, 27 Mar 2006 12:00:00 GMT</datelastmodified>
			<userlastmodified>Admin</userlastmodified>
			<datecreated>Fri, 21 Oct 2005 14:43:29 GMT</datecreated>
			<usercreated>Admin</usercreated>
			<flags>0</flags>
			<properties>
				<property type="shared">
					<name>image.size</name>
					<value><![CDATA[w:32,h:32]]></value>
				</property>
			</properties>
			<relations/>
			<accesscontrol/>
		</file>
		<file>
			<source>system/workplace/resources/tools/contenttools/icons/big/contentcheck_property_configuration.png</source>
			<destination>system/workplace/resources/tools/contenttools/icons/big/contentcheck_property_configuration.png</destination>
			<type>image</type>
			<uuidstructure>e4fb6780-11b7-11db-91cd-fdbae480bac9</uuidstructure>
			<uuidresource>227fa9a7-4241-11da-96ef-11c9c0330e35</uuidresource>
			<datelastmodified>Mon, 27 Mar 2006 12:00:00 GMT</datelastmodified>
			<userlastmodified>Admin</userlastmodified>
			<datecreated>Fri, 21 Oct 2005 14:44:07 GMT</datecreated>
			<usercreated>Admin</usercreated>
			<flags>0</flags>
			<properties>
				<property type="shared">
					<name>image.size</name>
					<value><![CDATA[w:32,h:32]]></value>
				</property>
			</properties>
			<relations/>
			<accesscontrol/>
		</file>
		<file>
			<source>system/workplace/resources/tools/contenttools/icons/big/contentmerge.png</source>
			<destination>system/workplace/resources/tools/contenttools/icons/big/contentmerge.png</destination>
			<type>image</type>
			<uuidstructure>e4fdd883-11b7-11db-91cd-fdbae480bac9</uuidstructure>
			<uuidresource>cbb19e37-88c9-11da-9be0-a3838f1b6e98</uuidresource>
			<datelastmodified>Mon, 27 Mar 2006 12:00:00 GMT</datelastmodified>
			<userlastmodified>Admin</userlastmodified>
			<datecreated>Mon, 27 Jun 2005 08:00:00 GMT</datecreated>
			<usercreated>Admin</usercreated>
			<flags>0</flags>
			<properties>
				<property type="shared">
					<name>image.size</name>
					<value><![CDATA[w:32,h:32]]></value>
				</property>
			</properties>
			<relations/>
			<accesscontrol/>
		</file>
		<file>
			<source>system/workplace/resources/tools/contenttools/icons/big/contentmerge_disabled.png</source>
			<destination>system/workplace/resources/tools/contenttools/icons/big/contentmerge_disabled.png</destination>
			<type>image</type>
			<uuidstructure>e5004986-11b7-11db-91cd-fdbae480bac9</uuidstructure>
			<uuidresource>6c0458cc-e626-11d9-9a19-632613cc8395</uuidresource>
			<datelastmodified>Mon, 27 Mar 2006 12:00:00 GMT</datelastmodified>
			<userlastmodified>Admin</userlastmodified>
			<datecreated>Mon, 27 Jun 2005 08:00:00 GMT</datecreated>
			<usercreated>Admin</usercreated>
			<flags>0</flags>
			<properties>
				<property type="shared">
					<name>image.size</name>
					<value><![CDATA[w:32,h:32]]></value>
				</property>
			</properties>
			<relations/>
			<accesscontrol/>
		</file>
		<file>
			<source>system/workplace/resources/tools/contenttools/icons/big/contenttools.png</source>
			<destination>system/workplace/resources/tools/contenttools/icons/big/contenttools.png</destination>
			<type>image</type>
			<uuidstructure>e5074e69-11b7-11db-91cd-fdbae480bac9</uuidstructure>
			<uuidresource>cbb93f60-88c9-11da-9be0-a3838f1b6e98</uuidresource>
			<datelastmodified>Mon, 27 Mar 2006 12:00:00 GMT</datelastmodified>
			<userlastmodified>Admin</userlastmodified>
			<datecreated>Mon, 27 Jun 2005 08:00:00 GMT</datecreated>
			<usercreated>Admin</usercreated>
			<flags>0</flags>
			<properties>
				<property type="shared">
					<name>image.size</name>
					<value><![CDATA[w:32,h:32]]></value>
				</property>
			</properties>
			<relations/>
			<accesscontrol/>
		</file>
		<file>
			<source>system/workplace/resources/tools/contenttools/icons/big/contenttools_disabled.png</source>
			<destination>system/workplace/resources/tools/contenttools/icons/big/contenttools_disabled.png</destination>
			<type>image</type>
			<uuidstructure>e509bf6c-11b7-11db-91cd-fdbae480bac9</uuidstructure>
			<uuidresource>6bf600e9-e626-11d9-9a19-632613cc8395</uuidresource>
			<datelastmodified>Mon, 27 Mar 2006 12:00:00 GMT</datelastmodified>
			<userlastmodified>Admin</userlastmodified>
			<datecreated>Mon, 27 Jun 2005 08:00:00 GMT</datecreated>
			<usercreated>Admin</usercreated>
			<flags>0</flags>
			<properties>
				<property type="shared">
					<name>image.size</name>
					<value><![CDATA[w:32,h:32]]></value>
				</property>
			</properties>
			<relations/>
			<accesscontrol/>
		</file>
		<file>
			<source>system/workplace/resources/tools/contenttools/icons/big/contenttools_xmlcontent_convert.png</source>
			<destination>system/workplace/resources/tools/contenttools/icons/big/contenttools_xmlcontent_convert.png</destination>
			<type>image</type>
			<uuidstructure>ffd574f2-db3d-11dd-a531-9bab7c98219b</uuidstructure>
			<uuidresource>ffd574f3-db3d-11dd-a531-9bab7c98219b</uuidresource>
			<datelastmodified>Mon, 05 Jan 2009 15:32:16 GMT</datelastmodified>
			<userlastmodified>Admin</userlastmodified>
			<datecreated>Mon, 05 Jan 2009 15:32:02 GMT</datecreated>
			<usercreated>Admin</usercreated>
			<flags>0</flags>
			<properties>
				<property type="shared">
					<name>image.size</name>
					<value><![CDATA[w:32,h:32]]></value>
				</property>
			</properties>
			<relations/>
			<accesscontrol/>
		</file>
		<file>
			<source>system/workplace/resources/tools/contenttools/icons/big/contenttools_xmlcontent_update.png</source>
			<destination>system/workplace/resources/tools/contenttools/icons/big/contenttools_xmlcontent_update.png</destination>
			<type>image</type>
			<uuidstructure>772f76c9-998a-11df-8911-00144f45afea</uuidstructure>
			<uuidresource>772f76ca-998a-11df-8911-00144f45afea</uuidresource>
			<datelastmodified>Mon, 05 Jan 2009 15:32:16 GMT</datelastmodified>
			<userlastmodified>Admin</userlastmodified>
			<datecreated>Tue, 27 Jul 2010 14:23:02 GMT</datecreated>
			<usercreated>Admin</usercreated>
			<flags>0</flags>
			<properties>
				<property type="shared">
					<name>image.size</name>
					<value><![CDATA[w:32,h:32]]></value>
				</property>
			</properties>
			<relations/>
			<accesscontrol/>
		</file>
		<file>
			<source>system/workplace/resources/tools/contenttools/icons/big/elements_rename.png</source>
			<destination>system/workplace/resources/tools/contenttools/icons/big/elements_rename.png</destination>
			<type>image</type>
			<uuidstructure>e50c306f-11b7-11db-91cd-fdbae480bac9</uuidstructure>
			<uuidresource>cbbf59e9-88c9-11da-9be0-a3838f1b6e98</uuidresource>
			<datelastmodified>Mon, 27 Mar 2006 12:00:00 GMT</datelastmodified>
			<userlastmodified>Admin</userlastmodified>
			<datecreated>Mon, 27 Jun 2005 08:00:00 GMT</datecreated>
			<usercreated>Admin</usercreated>
			<flags>0</flags>
			<properties>
				<property type="shared">
					<name>image.size</name>
					<value><![CDATA[w:32,h:32]]></value>
				</property>
			</properties>
			<relations/>
			<accesscontrol/>
		</file>
		<file>
			<source>system/workplace/resources/tools/contenttools/icons/big/elements_rename_disabled.png</source>
			<destination>system/workplace/resources/tools/contenttools/icons/big/elements_rename_disabled.png</destination>
			<type>image</type>
			<uuidstructure>e50e7962-11b7-11db-91cd-fdbae480bac9</uuidstructure>
			<uuidresource>6bf145f6-e626-11d9-9a19-632613cc8395</uuidresource>
			<datelastmodified>Mon, 27 Mar 2006 12:00:00 GMT</datelastmodified>
			<userlastmodified>Admin</userlastmodified>
			<datecreated>Mon, 27 Jun 2005 08:00:00 GMT</datecreated>
			<usercreated>Admin</usercreated>
			<flags>0</flags>
			<properties>
				<property type="shared">
					<name>image.size</name>
					<value><![CDATA[w:32,h:32]]></value>
				</property>
			</properties>
			<relations/>
			<accesscontrol/>
		</file>
		<file>
			<source>system/workplace/resources/tools/contenttools/icons/big/properties_change.png</source>
			<destination>system/workplace/resources/tools/contenttools/icons/big/properties_change.png</destination>
			<type>image</type>
			<uuidstructure>e510ea65-11b7-11db-91cd-fdbae480bac9</uuidstructure>
			<uuidresource>cbc6fb12-88c9-11da-9be0-a3838f1b6e98</uuidresource>
			<datelastmodified>Mon, 27 Mar 2006 12:00:00 GMT</datelastmodified>
			<userlastmodified>Admin</userlastmodified>
			<datecreated>Mon, 27 Jun 2005 08:00:00 GMT</datecreated>
			<usercreated>Admin</usercreated>
			<flags>0</flags>
			<properties>
				<property type="shared">
					<name>image.size</name>
					<value><![CDATA[w:32,h:32]]></value>
				</property>
			</properties>
			<relations/>
			<accesscontrol/>
		</file>
		<file>
			<source>system/workplace/resources/tools/contenttools/icons/big/properties_change_disabled.png</source>
			<destination>system/workplace/resources/tools/contenttools/icons/big/properties_change_disabled.png</destination>
			<type>image</type>
			<uuidstructure>e5135b68-11b7-11db-91cd-fdbae480bac9</uuidstructure>
			<uuidresource>6be2ee13-e626-11d9-9a19-632613cc8395</uuidresource>
			<datelastmodified>Mon, 27 Mar 2006 12:00:00 GMT</datelastmodified>
			<userlastmodified>Admin</userlastmodified>
			<datecreated>Mon, 27 Jun 2005 08:00:00 GMT</datecreated>
			<usercreated>Admin</usercreated>
			<flags>0</flags>
			<properties>
				<property type="shared">
					<name>image.size</name>
					<value><![CDATA[w:32,h:32]]></value>
				</property>
			</properties>
			<relations/>
			<accesscontrol/>
		</file>
		<file>
			<source>system/workplace/resources/tools/contenttools/icons/big/properties_delete.png</source>
			<destination>system/workplace/resources/tools/contenttools/icons/big/properties_delete.png</destination>
			<type>image</type>
			<uuidstructure>e515a55b-11b7-11db-91cd-fdbae480bac9</uuidstructure>
			<uuidresource>0fbdf0be-e584-11d9-aa78-632613cc8395</uuidresource>
			<datelastmodified>Mon, 27 Mar 2006 12:00:00 GMT</datelastmodified>
			<userlastmodified>Admin</userlastmodified>
			<datecreated>Mon, 27 Jun 2005 08:00:00 GMT</datecreated>
			<usercreated>Admin</usercreated>
			<flags>0</flags>
			<properties>
				<property type="shared">
					<name>image.size</name>
					<value><![CDATA[w:32,h:32]]></value>
				</property>
			</properties>
			<relations/>
			<accesscontrol/>
		</file>
		<file>
			<source>system/workplace/resources/tools/contenttools/icons/big/properties_delete_disabled.png</source>
			<destination>system/workplace/resources/tools/contenttools/icons/big/properties_delete_disabled.png</destination>
			<type>image</type>
			<uuidstructure>e518165e-11b7-11db-91cd-fdbae480bac9</uuidstructure>
			<uuidresource>6b839000-e626-11d9-9a19-632613cc8395</uuidresource>
			<datelastmodified>Mon, 27 Mar 2006 12:00:00 GMT</datelastmodified>
			<userlastmodified>Admin</userlastmodified>
			<datecreated>Mon, 27 Jun 2005 08:00:00 GMT</datecreated>
			<usercreated>Admin</usercreated>
			<flags>0</flags>
			<properties>
				<property type="shared">
					<name>image.size</name>
					<value><![CDATA[w:32,h:32]]></value>
				</property>
			</properties>
			<relations/>
			<accesscontrol/>
		</file>
		<file>
			<source>system/workplace/resources/tools/contenttools/icons/big/propertyviewer.png</source>
			<destination>system/workplace/resources/tools/contenttools/icons/big/propertyviewer.png</destination>
			<type>image</type>
			<uuidstructure>3eebefe6-1f5e-11de-99b5-03821fc5d684</uuidstructure>
			<uuidresource>3eebefe7-1f5e-11de-99b5-03821fc5d684</uuidresource>
			<datelastmodified>Thu, 02 Apr 2009 08:14:20 GMT</datelastmodified>
			<userlastmodified>Admin</userlastmodified>
			<datecreated>Thu, 02 Apr 2009 08:14:11 GMT</datecreated>
			<usercreated>Admin</usercreated>
			<flags>0</flags>
			<properties>
				<property type="shared">
					<name>image.size</name>
					<value><![CDATA[w:32,h:32]]></value>
				</property>
			</properties>
			<relations/>
			<accesscontrol/>
		</file>
		<file>
			<source>system/workplace/resources/tools/contenttools/icons/big/repair_xmlcontent.png</source>
			<destination>system/workplace/resources/tools/contenttools/icons/big/repair_xmlcontent.png</destination>
			<type>image</type>
			<uuidstructure>e51a6051-11b7-11db-91cd-fdbae480bac9</uuidstructure>
			<uuidresource>8f2513da-c888-11da-924c-67a780d231ee</uuidresource>
			<datelastmodified>Tue, 11 Apr 2006 08:25:54 GMT</datelastmodified>
			<userlastmodified>Admin</userlastmodified>
			<datecreated>Mon, 10 Apr 2006 11:53:00 GMT</datecreated>
			<usercreated>Admin</usercreated>
			<flags>0</flags>
			<properties>
				<property type="shared">
					<name>image.size</name>
					<value><![CDATA[w:32,h:32]]></value>
				</property>
			</properties>
			<relations/>
			<accesscontrol/>
		</file>
		<file>
			<source>system/workplace/resources/tools/contenttools/icons/big/replace_html_tag.png</source>
			<destination>system/workplace/resources/tools/contenttools/icons/big/replace_html_tag.png</destination>
			<type>image</type>
			<uuidstructure>e51cd154-11b7-11db-91cd-fdbae480bac9</uuidstructure>
			<uuidresource>89560862-88d1-11da-ad24-a3838f1b6e98</uuidresource>
			<datelastmodified>Mon, 27 Mar 2006 12:00:00 GMT</datelastmodified>
			<userlastmodified>Admin</userlastmodified>
			<datecreated>Thu, 19 Jan 2006 09:54:09 GMT</datecreated>
			<usercreated>Admin</usercreated>
			<flags>0</flags>
			<properties>
				<property type="shared">
					<name>image.size</name>
					<value><![CDATA[w:32,h:32]]></value>
				</property>
			</properties>
			<relations/>
			<accesscontrol/>
		</file>
	</files>
</export>
