<?xml version="1.0" encoding="UTF-8"?>

<export>
	<info>
		<creator>Admin</creator>
		<opencms_version>9.0.1</opencms_version>
		<createdate>Tue, 04 Feb 2014 10:23:45 GMT</createdate>
		<infoproject>Offline</infoproject>
		<export_version>7</export_version>
	</info>
	<module>
		<name>com.alkacon.bootstrap.basics</name>
		<nicename><![CDATA[Bootstrap Template Basics]]></nicename>
		<group>Bootstrap Template</group>
		<class/>
		<description><![CDATA[Contains raw Bootstrap 3 as well as jQuery and jQuery UI.]]></description>
		<version>9.0.1</version>
		<authorname><![CDATA[Alkacon Software GmbH]]></authorname>
		<authoremail/>
		<datecreated/>
		<userinstalled/>
		<dateinstalled/>
		<dependencies/>
		<exportpoints/>
		<resources>
			<resource uri="/system/modules/com.alkacon.bootstrap.basics/"/>
		</resources>
		<parameters/>
	</module>
	<files>
		<file>
			<destination>system</destination>
			<type>folder</type>
			<uuidstructure>4a5399d7-88f3-11e3-9bf2-d33a46a401ac</uuidstructure>
			<datelastmodified>Wed, 29 Jan 2014 14:40:25 GMT</datelastmodified>
			<userlastmodified>Admin</userlastmodified>
			<datecreated>Wed, 29 Jan 2014 14:40:25 GMT</datecreated>
			<usercreated>Admin</usercreated>
			<flags>0</flags>
			<properties/>
			<relations/>
			<accesscontrol>
				<accessentry>
					<uuidprincipal>ROLE.WORKPLACE_USER</uuidprincipal>
					<flags>514</flags>
					<permissionset>
						<allowed>1</allowed>
						<denied>0</denied>
					</permissionset>
				</accessentry>
			</accesscontrol>
		</file>
		<file>
			<destination>system/modules</destination>
			<type>folder</type>
			<uuidstructure>4d475ea3-88f3-11e3-9bf2-d33a46a401ac</uuidstructure>
			<datelastmodified>Wed, 29 Jan 2014 14:40:30 GMT</datelastmodified>
			<userlastmodified>Admin</userlastmodified>
			<datecreated>Wed, 29 Jan 2014 14:40:30 GMT</datecreated>
			<usercreated>Admin</usercreated>
			<flags>0</flags>
			<properties/>
			<relations/>
			<accesscontrol>
				<accessentry>
					<uuidprincipal>ROLE.WORKPLACE_USER</uuidprincipal>
					<flags>514</flags>
					<permissionset>
						<allowed>5</allowed>
						<denied>0</denied>
					</permissionset>
				</accessentry>
			</accesscontrol>
		</file>
		<file>
			<destination>system/modules/com.alkacon.bootstrap.basics</destination>
			<type>folder</type>
			<uuidstructure>1e42f198-8833-11e3-8675-3b52e9337fb8</uuidstructure>
			<datelastmodified>Tue, 28 Jan 2014 15:44:48 GMT</datelastmodified>
			<userlastmodified>Admin</userlastmodified>
			<datecreated>Tue, 28 Jan 2014 15:44:48 GMT</datecreated>
			<usercreated>Admin</usercreated>
			<flags>0</flags>
			<properties/>
			<relations/>
			<accesscontrol/>
		</file>
		<file>
			<destination>system/modules/com.alkacon.bootstrap.basics/resources</destination>
			<type>folder</type>
			<uuidstructure>6143f57a-8833-11e3-8675-3b52e9337fb8</uuidstructure>
			<datelastmodified>Tue, 28 Jan 2014 15:46:40 GMT</datelastmodified>
			<userlastmodified>Admin</userlastmodified>
			<datecreated>Tue, 28 Jan 2014 15:46:40 GMT</datecreated>
			<usercreated>Admin</usercreated>
			<flags>0</flags>
			<properties>
				<property>
					<name>export</name>
					<value><![CDATA[true]]></value>
				</property>
			</properties>
			<relations/>
			<accesscontrol/>
		</file>
		<file>
			<destination>system/modules/com.alkacon.bootstrap.basics/resources/bootstrap</destination>
			<type>folder</type>
			<uuidstructure>743a15bc-8833-11e3-8675-3b52e9337fb8</uuidstructure>
			<datelastmodified>Tue, 28 Jan 2014 15:47:12 GMT</datelastmodified>
			<userlastmodified>Admin</userlastmodified>
			<datecreated>Tue, 28 Jan 2014 15:47:12 GMT</datecreated>
			<usercreated>Admin</usercreated>
			<flags>0</flags>
			<properties/>
			<relations/>
			<accesscontrol/>
		</file>
		<file>
			<destination>system/modules/com.alkacon.bootstrap.basics/resources/bootstrap/css</destination>
			<type>folder</type>
			<uuidstructure>a3643662-8833-11e3-8675-3b52e9337fb8</uuidstructure>
			<datelastmodified>Tue, 28 Jan 2014 15:48:31 GMT</datelastmodified>
			<userlastmodified>Admin</userlastmodified>
			<datecreated>Tue, 28 Jan 2014 15:48:31 GMT</datecreated>
			<usercreated>Admin</usercreated>
			<flags>0</flags>
			<properties/>
			<relations/>
			<accesscontrol/>
		</file>
		<file>
			<source>system/modules/com.alkacon.bootstrap.basics/resources/bootstrap/css/bootstrap-theme.css</source>
			<destination>system/modules/com.alkacon.bootstrap.basics/resources/bootstrap/css/bootstrap-theme.css</destination>
			<type>plain</type>
			<uuidstructure>a3698d94-8833-11e3-8675-3b52e9337fb8</uuidstructure>
			<uuidresource>a3698d95-8833-11e3-8675-3b52e9337fb8</uuidresource>
			<datelastmodified>Tue, 04 Feb 2014 07:59:32 GMT</datelastmodified>
			<userlastmodified>Admin</userlastmodified>
			<datecreated>Tue, 28 Jan 2014 15:48:31 GMT</datecreated>
			<usercreated>Admin</usercreated>
			<flags>0</flags>
			<properties/>
			<relations/>
			<accesscontrol/>
		</file>
		<file>
			<source>system/modules/com.alkacon.bootstrap.basics/resources/bootstrap/css/bootstrap-theme.css.map</source>
			<destination>system/modules/com.alkacon.bootstrap.basics/resources/bootstrap/css/bootstrap-theme.css.map</destination>
			<type>plain</type>
			<uuidstructure>44101660-8d72-11e3-ac70-3b52e9337fb8</uuidstructure>
			<uuidresource>44101661-8d72-11e3-ac70-3b52e9337fb8</uuidresource>
			<datelastmodified>Tue, 04 Feb 2014 07:59:25 GMT</datelastmodified>
			<userlastmodified>Admin</userlastmodified>
			<datecreated>Tue, 04 Feb 2014 07:59:25 GMT</datecreated>
			<usercreated>Admin</usercreated>
			<flags>0</flags>
			<properties/>
			<relations/>
			<accesscontrol/>
		</file>
		<file>
			<source>system/modules/com.alkacon.bootstrap.basics/resources/bootstrap/css/bootstrap-theme.min.css</source>
			<destination>system/modules/com.alkacon.bootstrap.basics/resources/bootstrap/css/bootstrap-theme.min.css</destination>
			<type>plain</type>
			<uuidstructure>a3732a86-8833-11e3-8675-3b52e9337fb8</uuidstructure>
			<uuidresource>a3732a87-8833-11e3-8675-3b52e9337fb8</uuidresource>
			<datelastmodified>Tue, 04 Feb 2014 07:59:32 GMT</datelastmodified>
			<userlastmodified>Admin</userlastmodified>
			<datecreated>Tue, 28 Jan 2014 15:48:31 GMT</datecreated>
			<usercreated>Admin</usercreated>
			<flags>0</flags>
			<properties/>
			<relations/>
			<accesscontrol/>
		</file>
		<file>
			<source>system/modules/com.alkacon.bootstrap.basics/resources/bootstrap/css/bootstrap.css</source>
			<destination>system/modules/com.alkacon.bootstrap.basics/resources/bootstrap/css/bootstrap.css</destination>
			<type>plain</type>
			<uuidstructure>a37af2b8-8833-11e3-8675-3b52e9337fb8</uuidstructure>
			<uuidresource>a37af2b9-8833-11e3-8675-3b52e9337fb8</uuidresource>
			<datelastmodified>Tue, 04 Feb 2014 07:59:33 GMT</datelastmodified>
			<userlastmodified>Admin</userlastmodified>
			<datecreated>Tue, 28 Jan 2014 15:48:31 GMT</datecreated>
			<usercreated>Admin</usercreated>
			<flags>0</flags>
			<properties/>
			<relations/>
			<accesscontrol/>
		</file>
		<file>
			<source>system/modules/com.alkacon.bootstrap.basics/resources/bootstrap/css/bootstrap.css.map</source>
			<destination>system/modules/com.alkacon.bootstrap.basics/resources/bootstrap/css/bootstrap.css.map</destination>
			<type>plain</type>
			<uuidstructure>43e3d73e-8d72-11e3-ac70-3b52e9337fb8</uuidstructure>
			<uuidresource>43e3d73f-8d72-11e3-ac70-3b52e9337fb8</uuidresource>
			<datelastmodified>Tue, 04 Feb 2014 07:59:25 GMT</datelastmodified>
			<userlastmodified>Admin</userlastmodified>
			<datecreated>Tue, 04 Feb 2014 07:59:25 GMT</datecreated>
			<usercreated>Admin</usercreated>
			<flags>0</flags>
			<properties/>
			<relations/>
			<accesscontrol/>
		</file>
		<file>
			<source>system/modules/com.alkacon.bootstrap.basics/resources/bootstrap/css/bootstrap.min.css</source>
			<destination>system/modules/com.alkacon.bootstrap.basics/resources/bootstrap/css/bootstrap.min.css</destination>
			<type>plain</type>
			<uuidstructure>a383301a-8833-11e3-8675-3b52e9337fb8</uuidstructure>
			<uuidresource>a383301b-8833-11e3-8675-3b52e9337fb8</uuidresource>
			<datelastmodified>Tue, 04 Feb 2014 07:59:30 GMT</datelastmodified>
			<userlastmodified>Admin</userlastmodified>
			<datecreated>Tue, 28 Jan 2014 15:48:31 GMT</datecreated>
			<usercreated>Admin</usercreated>
			<flags>0</flags>
			<properties/>
			<relations/>
			<accesscontrol/>
		</file>
		<file>
			<destination>system/modules/com.alkacon.bootstrap.basics/resources/bootstrap/fonts</destination>
			<type>folder</type>
			<uuidstructure>a3194aa2-8833-11e3-8675-3b52e9337fb8</uuidstructure>
			<datelastmodified>Tue, 28 Jan 2014 15:48:31 GMT</datelastmodified>
			<userlastmodified>Admin</userlastmodified>
			<datecreated>Tue, 28 Jan 2014 15:48:31 GMT</datecreated>
			<usercreated>Admin</usercreated>
			<flags>0</flags>
			<properties/>
			<relations/>
			<accesscontrol/>
		</file>
		<file>
			<source>system/modules/com.alkacon.bootstrap.basics/resources/bootstrap/fonts/glyphicons-halflings-regular.eot</source>
			<destination>system/modules/com.alkacon.bootstrap.basics/resources/bootstrap/fonts/glyphicons-halflings-regular.eot</destination>
			<type>plain</type>
			<uuidstructure>a31ec8e4-8833-11e3-8675-3b52e9337fb8</uuidstructure>
			<uuidresource>a31ec8e5-8833-11e3-8675-3b52e9337fb8</uuidresource>
			<datelastmodified>Tue, 04 Feb 2014 07:59:51 GMT</datelastmodified>
			<userlastmodified>Admin</userlastmodified>
			<datecreated>Tue, 28 Jan 2014 15:48:31 GMT</datecreated>
			<usercreated>Admin</usercreated>
			<flags>0</flags>
			<properties/>
			<relations/>
			<accesscontrol/>
		</file>
		<file>
			<source>system/modules/com.alkacon.bootstrap.basics/resources/bootstrap/fonts/glyphicons-halflings-regular.svg</source>
			<destination>system/modules/com.alkacon.bootstrap.basics/resources/bootstrap/fonts/glyphicons-halflings-regular.svg</destination>
			<type>plain</type>
			<uuidstructure>a329c566-8833-11e3-8675-3b52e9337fb8</uuidstructure>
			<uuidresource>a329c567-8833-11e3-8675-3b52e9337fb8</uuidresource>
			<datelastmodified>Tue, 04 Feb 2014 07:59:52 GMT</datelastmodified>
			<userlastmodified>Admin</userlastmodified>
			<datecreated>Tue, 28 Jan 2014 15:48:31 GMT</datecreated>
			<usercreated>Admin</usercreated>
			<flags>0</flags>
			<properties/>
			<relations/>
			<accesscontrol/>
		</file>
		<file>
			<source>system/modules/com.alkacon.bootstrap.basics/resources/bootstrap/fonts/glyphicons-halflings-regular.ttf</source>
			<destination>system/modules/com.alkacon.bootstrap.basics/resources/bootstrap/fonts/glyphicons-halflings-regular.ttf</destination>
			<type>plain</type>
			<uuidstructure>a3329f08-8833-11e3-8675-3b52e9337fb8</uuidstructure>
			<uuidresource>a3329f09-8833-11e3-8675-3b52e9337fb8</uuidresource>
			<datelastmodified>Tue, 04 Feb 2014 07:59:53 GMT</datelastmodified>
			<userlastmodified>Admin</userlastmodified>
			<datecreated>Tue, 28 Jan 2014 15:48:31 GMT</datecreated>
			<usercreated>Admin</usercreated>
			<flags>0</flags>
			<properties/>
			<relations/>
			<accesscontrol/>
		</file>
		<file>
			<source>system/modules/com.alkacon.bootstrap.basics/resources/bootstrap/fonts/glyphicons-halflings-regular.woff</source>
			<destination>system/modules/com.alkacon.bootstrap.basics/resources/bootstrap/fonts/glyphicons-halflings-regular.woff</destination>
			<type>plain</type>
			<uuidstructure>a33bedda-8833-11e3-8675-3b52e9337fb8</uuidstructure>
			<uuidresource>a33beddb-8833-11e3-8675-3b52e9337fb8</uuidresource>
			<datelastmodified>Tue, 04 Feb 2014 07:59:51 GMT</datelastmodified>
			<userlastmodified>Admin</userlastmodified>
			<datecreated>Tue, 28 Jan 2014 15:48:31 GMT</datecreated>
			<usercreated>Admin</usercreated>
			<flags>0</flags>
			<properties/>
			<relations/>
			<accesscontrol/>
		</file>
		<file>
			<destination>system/modules/com.alkacon.bootstrap.basics/resources/bootstrap/js</destination>
			<type>folder</type>
			<uuidstructure>a347d4bc-8833-11e3-8675-3b52e9337fb8</uuidstructure>
			<datelastmodified>Tue, 28 Jan 2014 15:48:31 GMT</datelastmodified>
			<userlastmodified>Admin</userlastmodified>
			<datecreated>Tue, 28 Jan 2014 15:48:31 GMT</datecreated>
			<usercreated>Admin</usercreated>
			<flags>0</flags>
			<properties/>
			<relations/>
			<accesscontrol/>
		</file>
		<file>
			<source>system/modules/com.alkacon.bootstrap.basics/resources/bootstrap/js/bootstrap.js</source>
			<destination>system/modules/com.alkacon.bootstrap.basics/resources/bootstrap/js/bootstrap.js</destination>
			<type>plain</type>
			<uuidstructure>a350ae5e-8833-11e3-8675-3b52e9337fb8</uuidstructure>
			<uuidresource>a350ae5f-8833-11e3-8675-3b52e9337fb8</uuidresource>
			<datelastmodified>Tue, 04 Feb 2014 08:00:06 GMT</datelastmodified>
			<userlastmodified>Admin</userlastmodified>
			<datecreated>Tue, 28 Jan 2014 15:48:31 GMT</datecreated>
			<usercreated>Admin</usercreated>
			<flags>0</flags>
			<properties/>
			<relations/>
			<accesscontrol/>
		</file>
		<file>
			<source>system/modules/com.alkacon.bootstrap.basics/resources/bootstrap/js/bootstrap.min.js</source>
			<destination>system/modules/com.alkacon.bootstrap.basics/resources/bootstrap/js/bootstrap.min.js</destination>
			<type>plain</type>
			<uuidstructure>a35b35b0-8833-11e3-8675-3b52e9337fb8</uuidstructure>
			<uuidresource>a35b35b1-8833-11e3-8675-3b52e9337fb8</uuidresource>
			<datelastmodified>Tue, 04 Feb 2014 08:00:05 GMT</datelastmodified>
			<userlastmodified>Admin</userlastmodified>
			<datecreated>Tue, 28 Jan 2014 15:48:31 GMT</datecreated>
			<usercreated>Admin</usercreated>
			<flags>0</flags>
			<properties/>
			<relations/>
			<accesscontrol/>
		</file>
		<file>
			<destination>system/modules/com.alkacon.bootstrap.basics/resources/jquery-ui</destination>
			<type>folder</type>
			<uuidstructure>82cdc640-8833-11e3-8675-3b52e9337fb8</uuidstructure>
			<datelastmodified>Tue, 28 Jan 2014 15:47:37 GMT</datelastmodified>
			<userlastmodified>Admin</userlastmodified>
			<datecreated>Tue, 28 Jan 2014 15:47:37 GMT</datecreated>
			<usercreated>Admin</usercreated>
			<flags>0</flags>
			<properties/>
			<relations/>
			<accesscontrol/>
		</file>
		<file>
			<source>system/modules/com.alkacon.bootstrap.basics/resources/jquery-ui/jquery-ui-1.10.4.js</source>
			<destination>system/modules/com.alkacon.bootstrap.basics/resources/jquery-ui/jquery-ui-1.10.4.js</destination>
			<type>plain</type>
			<uuidstructure>b8a059a4-8834-11e3-8675-3b52e9337fb8</uuidstructure>
			<uuidresource>b8a059a5-8834-11e3-8675-3b52e9337fb8</uuidresource>
			<datelastmodified>Tue, 28 Jan 2014 15:57:01 GMT</datelastmodified>
			<userlastmodified>Admin</userlastmodified>
			<datecreated>Tue, 28 Jan 2014 15:56:16 GMT</datecreated>
			<usercreated>Admin</usercreated>
			<flags>0</flags>
			<properties/>
			<relations/>
			<accesscontrol/>
		</file>
		<file>
			<source>system/modules/com.alkacon.bootstrap.basics/resources/jquery-ui/jquery-ui-1.10.4.min.js</source>
			<destination>system/modules/com.alkacon.bootstrap.basics/resources/jquery-ui/jquery-ui-1.10.4.min.js</destination>
			<type>plain</type>
			<uuidstructure>be600f76-8834-11e3-8675-3b52e9337fb8</uuidstructure>
			<uuidresource>be600f77-8834-11e3-8675-3b52e9337fb8</uuidresource>
			<datelastmodified>Tue, 28 Jan 2014 15:57:26 GMT</datelastmodified>
			<userlastmodified>Admin</userlastmodified>
			<datecreated>Tue, 28 Jan 2014 15:56:26 GMT</datecreated>
			<usercreated>Admin</usercreated>
			<flags>0</flags>
			<properties/>
			<relations/>
			<accesscontrol/>
		</file>
		<file>
			<destination>system/modules/com.alkacon.bootstrap.basics/resources/jquery</destination>
			<type>folder</type>
			<uuidstructure>7bfc2b3e-8833-11e3-8675-3b52e9337fb8</uuidstructure>
			<datelastmodified>Tue, 28 Jan 2014 15:47:25 GMT</datelastmodified>
			<userlastmodified>Admin</userlastmodified>
			<datecreated>Tue, 28 Jan 2014 15:47:25 GMT</datecreated>
			<usercreated>Admin</usercreated>
			<flags>0</flags>
			<properties/>
			<relations/>
			<accesscontrol/>
		</file>
		<file>
			<source>system/modules/com.alkacon.bootstrap.basics/resources/jquery/jquery-1.10.2.js</source>
			<destination>system/modules/com.alkacon.bootstrap.basics/resources/jquery/jquery-1.10.2.js</destination>
			<type>plain</type>
			<uuidstructure>127808be-8834-11e3-8675-3b52e9337fb8</uuidstructure>
			<uuidresource>127808bf-8834-11e3-8675-3b52e9337fb8</uuidresource>
			<datelastmodified>Tue, 28 Jan 2014 15:52:30 GMT</datelastmodified>
			<userlastmodified>Admin</userlastmodified>
			<datecreated>Tue, 28 Jan 2014 15:51:38 GMT</datecreated>
			<usercreated>Admin</usercreated>
			<flags>0</flags>
			<properties/>
			<relations/>
			<accesscontrol/>
		</file>
		<file>
			<source>system/modules/com.alkacon.bootstrap.basics/resources/jquery/jquery-1.10.2.min.js</source>
			<destination>system/modules/com.alkacon.bootstrap.basics/resources/jquery/jquery-1.10.2.min.js</destination>
			<type>plain</type>
			<uuidstructure>0d41801c-8834-11e3-8675-3b52e9337fb8</uuidstructure>
			<uuidresource>0d41801d-8834-11e3-8675-3b52e9337fb8</uuidresource>
			<datelastmodified>Tue, 28 Jan 2014 15:52:05 GMT</datelastmodified>
			<userlastmodified>Admin</userlastmodified>
			<datecreated>Tue, 28 Jan 2014 15:51:29 GMT</datecreated>
			<usercreated>Admin</usercreated>
			<flags>0</flags>
			<properties/>
			<relations/>
			<accesscontrol/>
		</file>
		<file>
			<source>system/modules/com.alkacon.bootstrap.basics/resources/jquery/jquery-migrate-1.2.1.js</source>
			<destination>system/modules/com.alkacon.bootstrap.basics/resources/jquery/jquery-migrate-1.2.1.js</destination>
			<type>plain</type>
			<uuidstructure>515309a2-8834-11e3-8675-3b52e9337fb8</uuidstructure>
			<uuidresource>515309a3-8834-11e3-8675-3b52e9337fb8</uuidresource>
			<datelastmodified>Tue, 28 Jan 2014 15:54:10 GMT</datelastmodified>
			<userlastmodified>Admin</userlastmodified>
			<datecreated>Tue, 28 Jan 2014 15:53:23 GMT</datecreated>
			<usercreated>Admin</usercreated>
			<flags>0</flags>
			<properties/>
			<relations/>
			<accesscontrol/>
		</file>
		<file>
			<source>system/modules/com.alkacon.bootstrap.basics/resources/jquery/jquery-migrate-1.2.1.min.js</source>
			<destination>system/modules/com.alkacon.bootstrap.basics/resources/jquery/jquery-migrate-1.2.1.min.js</destination>
			<type>plain</type>
			<uuidstructure>4986e200-8834-11e3-8675-3b52e9337fb8</uuidstructure>
			<uuidresource>4986e201-8834-11e3-8675-3b52e9337fb8</uuidresource>
			<datelastmodified>Tue, 28 Jan 2014 15:53:51 GMT</datelastmodified>
			<userlastmodified>Admin</userlastmodified>
			<datecreated>Tue, 28 Jan 2014 15:53:10 GMT</datecreated>
			<usercreated>Admin</usercreated>
			<flags>0</flags>
			<properties/>
			<relations/>
			<accesscontrol/>
		</file>
	</files>
</export>
